https://vignette.wikia.nocookie.net/gtawiki/images/3/35/BR8-GTAO-front.png/revision/latest/scale-to-width-down/350,BR8
https://vignette.wikia.nocookie.net/gtawiki/images/1/19/DR1-GTAO-front.png/revision/latest/scale-to-width-down/350,DR1
https://vignette.wikia.nocookie.net/gtawiki/images/7/75/PR4-GTAO-front.png/revision/latest/scale-to-width-down/350,PR4
https://vignette.wikia.nocookie.net/gtawiki/images/2/2f/R88-GTAO-front.png/revision/latest/scale-to-width-down/350,R88
https://vignette.wikia.nocookie.net/gtawiki/images/c/c7/811A-GTAO-front.png/revision/latest/scale-to-width-down/350,811
https://vignette.wikia.nocookie.net/gtawiki/images/6/6c/Autarch-GTAO-front.png/revision/latest/scale-to-width-down/350,Autarch
https://vignette.wikia.nocookie.net/gtawiki/images/9/9e/Adder-GTAV-front.png/revision/latest/scale-to-width-down/350,Adder
https://vignette.wikia.nocookie.net/gtawiki/images/0/0b/Banshee900R-GTAO-front.png/revision/latest/scale-to-width-down/350,Banshee 900R
https://vignette.wikia.nocookie.net/gtawiki/images/3/3d/Bullet-GTAV-front.png/revision/latest/scale-to-width-down/350,Bullet
https://vignette.wikia.nocookie.net/gtawiki/images/1/1e/Cheetah-GTAV-Front.png/revision/latest/scale-to-width-down/350,Cheetah
https://vignette.wikia.nocookie.net/gtawiki/images/0/07/Cyclone-GTAO-front.png/revision/latest/scale-to-width-down/350,Cyclone
https://vignette.wikia.nocookie.net/gtawiki/images/7/7b/Deveste-GTAO-front.png/revision/latest/scale-to-width-down/350,Deveste Eight
https://vignette.wikia.nocookie.net/gtawiki/images/3/3f/Emerus-GTAO-front.png/revision/latest/scale-to-width-down/350,Emerus
https://vignette.wikia.nocookie.net/gtawiki/images/9/95/EntityXF-GTAV-front.png/revision/latest/scale-to-width-down/350,Entity XF
https://vignette.wikia.nocookie.net/gtawiki/images/9/9a/EntityXXR-GTAO-front.png/revision/latest/scale-to-width-down/350,Entity XXR
https://vignette.wikia.nocookie.net/gtawiki/images/7/76/ETR1-GTAO-front.png/revision/latest/scale-to-width-down/350,ETR1
https://vignette.wikia.nocookie.net/gtawiki/images/8/8a/Furia-GTAO-front.png/revision/latest/scale-to-width-down/350,Furia
https://vignette.wikia.nocookie.net/gtawiki/images/8/8c/FMJ-GTAO-front.png/revision/latest/scale-to-width-down/350,FMJ
https://vignette.wikia.nocookie.net/gtawiki/images/8/8a/GP1-GTAO-front.png/revision/latest/scale-to-width-down/350,GP1
https://vignette.wikia.nocookie.net/gtawiki/images/0/0e/Infernus-GTAV-front.png/revision/latest/scale-to-width-down/350,Infernus
https://vignette.wikia.nocookie.net/gtawiki/images/4/44/ItaliGTB-GTAO-front.png/revision/latest/scale-to-width-down/350,Itali GTB
https://vignette.wikia.nocookie.net/gtawiki/images/c/c5/ItaliGTBCustom-GTAO-front.png/revision/latest/scale-to-width-down/350,Itali GTB Custom
https://vignette.wikia.nocookie.net/gtawiki/images/e/e4/Krieger-GTAO-front.png/revision/latest/scale-to-width-down/350,Krieger
https://vignette.wikia.nocookie.net/gtawiki/images/5/5e/Nero-GTAO-front.png/revision/latest/scale-to-width-down/350,Nero
https://vignette.wikia.nocookie.net/gtawiki/images/4/40/NeroCustom-GTAO-front.png/revision/latest/scale-to-width-down/350,Nero Custom
https://vignette.wikia.nocookie.net/gtawiki/images/5/53/Osiris-GTAV-front.png/revision/latest/scale-to-width-down/350,Osiris
https://vignette.wikia.nocookie.net/gtawiki/images/9/9c/Penetrator-GTAO-front.png/revision/latest/scale-to-width-down/350,Penetrator
https://vignette.wikia.nocookie.net/gtawiki/images/7/77/RE7B-GTAO-front.png/revision/latest/scale-to-width-down/350,RE-7B
https://vignette.wikia.nocookie.net/gtawiki/images/5/5f/Reaper-GTAO-front.png/revision/latest/scale-to-width-down/350,Reaper
https://vignette.wikia.nocookie.net/gtawiki/images/9/95/RocketVoltic-GTAO-front.png/revision/latest/scale-to-width-down/350,Rocket Voltic
https://vignette.wikia.nocookie.net/gtawiki/images/4/4d/S80RR-GTAO-front.png/revision/latest/scale-to-width-down/350,S80RR
https://vignette.wikia.nocookie.net/gtawiki/images/3/3a/SC1-GTAO-front.png/revision/latest/scale-to-width-down/350,SC1
https://vignette.wikia.nocookie.net/gtawiki/images/3/3a/Scramjet-GTAO-front.png/revision/latest/scale-to-width-down/350,Scramjet
https://vignette.wikia.nocookie.net/gtawiki/images/c/c1/SultanRS-GTAO-front.png/revision/latest/scale-to-width-down/350,Sultan RS
https://vignette.wikia.nocookie.net/gtawiki/images/2/20/T20-GTAV-front.png/revision/latest/scale-to-width-down/350,T20
https://vignette.wikia.nocookie.net/gtawiki/images/4/4c/Taipan-GTAO-front.png/revision/latest/scale-to-width-down/350,Taipan
https://vignette.wikia.nocookie.net/gtawiki/images/3/35/Tempesta-GTAO-front.png/revision/latest/scale-to-width-down/350,Tempesta
https://vignette.wikia.nocookie.net/gtawiki/images/c/ca/Tezeract-GTAO-front.png/revision/latest/scale-to-width-down/350,Tezeract
https://vignette.wikia.nocookie.net/gtawiki/images/5/55/Thrax-GTAO-front.png/revision/latest/scale-to-width-down/350,Thrax
https://vignette.wikia.nocookie.net/gtawiki/images/3/37/Tigon-GTAO-front.png/revision/latest/scale-to-width-down/350,Tigon
https://vignette.wikia.nocookie.net/gtawiki/images/6/61/TurismoR-GTAV-front.png/revision/latest/scale-to-width-down/350,Turismo R
https://vignette.wikia.nocookie.net/gtawiki/images/f/f7/Tyrant-GTAO-front.png/revision/latest/scale-to-width-down/350,Tyrant
https://vignette.wikia.nocookie.net/gtawiki/images/8/8f/Tyrus-GTAO-front.png/revision/latest/scale-to-width-down/350,Tyrus
https://vignette.wikia.nocookie.net/gtawiki/images/b/b4/Vacca-GTAV-front.png/revision/latest/scale-to-width-down/350,Vacca
https://vignette.wikia.nocookie.net/gtawiki/images/1/14/Vagner-GTAO-front.png/revision/latest/scale-to-width-down/350,Vagner
https://vignette.wikia.nocookie.net/gtawiki/images/e/ec/Vigilante-GTAO-front.png/revision/latest/scale-to-width-down/350,Vigilante
https://vignette.wikia.nocookie.net/gtawiki/images/5/57/Visione-GTAO-front.png/revision/latest/scale-to-width-down/350,Visione
https://vignette.wikia.nocookie.net/gtawiki/images/8/87/Voltic-GTAV-front.png/revision/latest/scale-to-width-down/350,Voltic
https://vignette.wikia.nocookie.net/gtawiki/images/b/b3/X80Proto-GTAO-front.png/revision/latest/scale-to-width-down/350,X80 Proto
https://vignette.wikia.nocookie.net/gtawiki/images/6/69/XA21-GTAO-front.png/revision/latest/scale-to-width-down/350,XA-21
https://vignette.wikia.nocookie.net/gtawiki/images/6/60/Zentorno-GTAV-front.png/revision/latest/scale-to-width-down/350,Zentorno
https://vignette.wikia.nocookie.net/gtawiki/images/a/ae/Zorrusso-GTAO-front.png/revision/latest/scale-to-width-down/350,Zorrusso
https://vignette.wikia.nocookie.net/gtawiki/images/b/b8/8FDrafter-GTAO-front.png/revision/latest/scale-to-width-down/350,8F Drafter
https://vignette.wikia.nocookie.net/gtawiki/images/2/2d/9F-GTAV-front.png/revision/latest/scale-to-width-down/350,9F
https://vignette.wikia.nocookie.net/gtawiki/images/a/a1/9FCabrio-GTAV-front.png/revision/latest/scale-to-width-down/350,9F Cabrio
https://vignette.wikia.nocookie.net/gtawiki/images/9/94/Alpha-GTAV-front.png/revision/latest/scale-to-width-down/350,Alpha
https://vignette.wikia.nocookie.net/gtawiki/images/8/82/Banshee-GTAV-front.png/revision/latest/scale-to-width-down/350,Banshee
https://vignette.wikia.nocookie.net/gtawiki/images/a/a5/BestiaGTS-GTAO-front.png/revision/latest/scale-to-width-down/350,Bestia GTS
https://vignette.wikia.nocookie.net/gtawiki/images/0/06/BlistaCompact-GTAV-front.png/revision/latest/scale-to-width-down/350,Blista Compact
https://vignette.wikia.nocookie.net/gtawiki/images/7/76/GoGoMonkeyBlista-GTAV-front.png/revision/latest/scale-to-width-down/350,Go Go Monkey Blista
https://vignette.wikia.nocookie.net/gtawiki/images/7/7d/Buffalo-GTAV-front.png/revision/latest/scale-to-width-down/350,Buffalo
https://vignette.wikia.nocookie.net/gtawiki/images/e/e1/BuffaloS-GTAV-front.png/revision/latest/scale-to-width-down/350,Buffalo S
https://vignette.wikia.nocookie.net/gtawiki/images/3/34/SprunkBuffalo-GTAVPC-front.png/revision/latest/scale-to-width-down/350,Sprunk Buffalo
https://vignette.wikia.nocookie.net/gtawiki/images/7/7b/CarbonizzareDown-GTAV-front.png/revision/latest/scale-to-width-down/350,Carbonizzare
https://vignette.wikia.nocookie.net/gtawiki/images/d/d2/Comet-GTAV-front.png/revision/latest/scale-to-width-down/350,Comet
https://vignette.wikia.nocookie.net/gtawiki/images/a/a0/CometRetroCustom-GTAO-front.png/revision/latest/scale-to-width-down/350,Comet Retro Custom
https://vignette.wikia.nocookie.net/gtawiki/images/a/aa/CometSafari-GTAO-front.png/revision/latest/scale-to-width-down/350,Comet Safari
https://vignette.wikia.nocookie.net/gtawiki/images/0/0f/CometSR-GTAO-front.png/revision/latest/scale-to-width-down/350,Comet SR
https://vignette.wikia.nocookie.net/gtawiki/images/0/08/Coquette-GTAV-front.png/revision/latest/scale-to-width-down/350,Coquette
https://vignette.wikia.nocookie.net/gtawiki/images/e/eb/CoquetteD10-GTAO-front.png/revision/latest/scale-to-width-down/350,Coquette D10
https://vignette.wikia.nocookie.net/gtawiki/images/5/51/DriftTampa-GTAO-front.png/revision/latest/scale-to-width-down/350,Drift Tampa
https://vignette.wikia.nocookie.net/gtawiki/images/6/68/ElegyRetroCustom-GTAO-front.png/revision/latest/scale-to-width-down/350,Elegy Retro Custom
https://vignette.wikia.nocookie.net/gtawiki/images/4/4f/ElegyRH8-GTAV-front.png/revision/latest/scale-to-width-down/350,Elegy RH8
https://vignette.wikia.nocookie.net/gtawiki/images/8/8f/Feltzer-GTAVPC-Front.png/revision/latest/scale-to-width-down/350,Feltzer
https://vignette.wikia.nocookie.net/gtawiki/images/3/3b/FlashGT-GTAO-front.png/revision/latest/scale-to-width-down/350,Flash GT
https://vignette.wikia.nocookie.net/gtawiki/images/5/56/FuroreGT-GTAV-front.png/revision/latest/scale-to-width-down/350,Furore GT
https://vignette.wikia.nocookie.net/gtawiki/images/a/a0/Fusilade-GTAV-front.png/revision/latest/scale-to-width-down/350,Fusilade
https://vignette.wikia.nocookie.net/gtawiki/images/7/73/Futo-GTAV-Front.png/revision/latest/scale-to-width-down/350,Futo
https://vignette.wikia.nocookie.net/gtawiki/images/3/36/GB200-GTAO-front.png/revision/latest/scale-to-width-down/350,GB200
https://vignette.wikia.nocookie.net/gtawiki/images/8/8f/HotringSabre-GTAO-front.png/revision/latest/scale-to-width-down/350,Hotring Sabre
https://vignette.wikia.nocookie.net/gtawiki/images/4/43/Imorgon-GTAO-front.png/revision/latest/scale-to-width-down/350,Imorgon
https://vignette.wikia.nocookie.net/gtawiki/images/9/91/IssiSport-GTAO-front.png/revision/latest/scale-to-width-down/350,Issi Sport
https://vignette.wikia.nocookie.net/gtawiki/images/e/ec/ItaliGTO-GTAO-front.png/revision/latest/scale-to-width-down/350,Itali GTO
https://vignette.wikia.nocookie.net/gtawiki/images/a/af/Jester-GTAV-front.png/revision/latest/scale-to-width-down/350,Jester
https://vignette.wikia.nocookie.net/gtawiki/images/f/fd/Jester%28Racecar%29-GTAV-front.png/revision/latest/scale-to-width-down/350,Jester (Racecar)
https://vignette.wikia.nocookie.net/gtawiki/images/1/1a/JesterClassic-GTAO-front.png/revision/latest/scale-to-width-down/350,Jester Classic
https://vignette.wikia.nocookie.net/gtawiki/images/9/98/Jugular-GTAO-front.png/revision/latest/scale-to-width-down/350,Jugular
https://vignette.wikia.nocookie.net/gtawiki/images/1/1f/Khamelion-GTAV-front.png/revision/latest/scale-to-width-down/350,Khamelion
https://vignette.wikia.nocookie.net/gtawiki/images/5/53/Kuruma-GTAO-front.png/revision/latest/scale-to-width-down/350,Kuruma
https://vignette.wikia.nocookie.net/gtawiki/images/9/97/ArmoredKuruma-GTAO-front.png/revision/latest/scale-to-width-down/350,Kuruma (Armored)
https://vignette.wikia.nocookie.net/gtawiki/images/2/24/Komoda-GTAO-front.png/revision/latest/scale-to-width-down/350,Komoda
https://vignette.wikia.nocookie.net/gtawiki/images/a/a7/Lynx-GTAO-front.png/revision/latest/scale-to-width-down/350,Lynx
https://vignette.wikia.nocookie.net/gtawiki/images/8/8c/Locust-GTAO-front.png/revision/latest/scale-to-width-down/350,Locust
https://vignette.wikia.nocookie.net/gtawiki/images/1/12/Massacro-GTAV-front.png/revision/latest/scale-to-width-down/350,Massacro
https://vignette.wikia.nocookie.net/gtawiki/images/d/d0/Massacro%28Racecar%29-GTAV-front.png/revision/latest/scale-to-width-down/350,Massacro (Racecar)
https://vignette.wikia.nocookie.net/gtawiki/images/0/01/Neo-GTAO-front.png/revision/latest/scale-to-width-down/350,Neo
https://vignette.wikia.nocookie.net/gtawiki/images/c/c0/Neon-GTAO-front.png/revision/latest/scale-to-width-down/350,Neon
https://vignette.wikia.nocookie.net/gtawiki/images/e/e7/Omnis-GTAO-front.png/revision/latest/scale-to-width-down/350,Omnis
https://vignette.wikia.nocookie.net/gtawiki/images/c/cb/ParagonR-GTAO-front.png/revision/latest/scale-to-width-down/350,Paragon R
https://vignette.wikia.nocookie.net/gtawiki/images/f/fa/ParagonRArmored-GTAO-front.png/revision/latest/scale-to-width-down/350,Paragon R (Armored)
https://vignette.wikia.nocookie.net/gtawiki/images/f/ff/Pariah-GTAO-front.png/revision/latest/scale-to-width-down/350,Pariah
https://vignette.wikia.nocookie.net/gtawiki/images/c/cc/Penumbra-GTAV-front.png/revision/latest/scale-to-width-down/350,Penumbra
https://vignette.wikia.nocookie.net/gtawiki/images/b/bc/PenumbraFF-GTAO-front.png/revision/latest/scale-to-width-down/350,Penumbra FF
https://vignette.wikia.nocookie.net/gtawiki/images/b/b5/Raiden-GTAO-front.png/revision/latest/scale-to-width-down/350,Raiden
https://vignette.wikia.nocookie.net/gtawiki/images/4/42/RapidGT-GTAV-front.png/revision/latest/scale-to-width-down/350,Rapid GT
https://vignette.wikia.nocookie.net/gtawiki/images/f/f8/RapidGT2-GTAV-front.png/revision/latest/scale-to-width-down/350,Rapid GT
https://vignette.wikia.nocookie.net/gtawiki/images/c/cc/Raptor-GTAO-front.png/revision/latest/scale-to-width-down/350,Raptor
https://vignette.wikia.nocookie.net/gtawiki/images/e/e8/Revolter-GTAO-front.png/revision/latest/scale-to-width-down/350,Revolter
https://vignette.wikia.nocookie.net/gtawiki/images/2/2c/Ruston-GTAO-front.png/revision/latest/scale-to-width-down/350,Ruston
https://vignette.wikia.nocookie.net/gtawiki/images/2/22/SchafterLWB-GTAO-front.png/revision/latest/scale-to-width-down/350,Schafter LWB
https://vignette.wikia.nocookie.net/gtawiki/images/a/a6/SchafterV12-GTAO-front.png/revision/latest/scale-to-width-down/350,Schafter V12
https://vignette.wikia.nocookie.net/gtawiki/images/f/ff/Schwartzer-GTAV-front.png/revision/latest/scale-to-width-down/350,Schwartzer
https://vignette.wikia.nocookie.net/gtawiki/images/4/42/SchlagenGT-GTAO-front.png/revision/latest/scale-to-width-down/350,Schlagen GT
https://vignette.wikia.nocookie.net/gtawiki/images/d/dc/SentinelClassic-GTAO-front.png/revision/latest/scale-to-width-down/350,Sentinel Classic
https://vignette.wikia.nocookie.net/gtawiki/images/2/21/Seven70-GTAO-front.png/revision/latest/scale-to-width-down/350,Seven-70
https://vignette.wikia.nocookie.net/gtawiki/images/7/7b/Specter-GTAO-front.png/revision/latest/scale-to-width-down/350,Specter
https://vignette.wikia.nocookie.net/gtawiki/images/0/01/SpecterCustom-GTAO-front.png/revision/latest/scale-to-width-down/350,Specter Custom
https://vignette.wikia.nocookie.net/gtawiki/images/3/38/Streiter-GTAO-front.png/revision/latest/scale-to-width-down/350,Streiter
https://vignette.wikia.nocookie.net/gtawiki/images/8/82/Sugoi-GTAO-front.png/revision/latest/scale-to-width-down/350,Sugoi
https://vignette.wikia.nocookie.net/gtawiki/images/b/bb/Sultan-GTAV-front.png/revision/latest/scale-to-width-down/350,Sultan
https://vignette.wikia.nocookie.net/gtawiki/images/f/f3/SultanClassic-GTAO-front.png/revision/latest/scale-to-width-down/350,Sultan Classic
https://vignette.wikia.nocookie.net/gtawiki/images/f/fd/SuranoDown-GTAV-front.png/revision/latest/scale-to-width-down/350,Surano
https://vignette.wikia.nocookie.net/gtawiki/images/e/ee/VSTR-GTAO-front.png/revision/latest/scale-to-width-down/350,V-STR
https://vignette.wikia.nocookie.net/gtawiki/images/8/8c/Verlierer-GTAO-front.png/revision/latest/scale-to-width-down/350,Verlierer
https://vignette.wikia.nocookie.net/gtawiki/images/d/df/TroposRallye-GTAO-front.png/revision/latest/scale-to-width-down/350,Tropos Rallye
https://vignette.wikia.nocookie.net/gtawiki/images/2/20/ApocalypseZR380-GTAO-front.png/revision/latest/scale-to-width-down/350,Apocalypse ZR380
https://vignette.wikia.nocookie.net/gtawiki/images/9/9e/FutureShockZR380-GTAO-front.png/revision/latest/scale-to-width-down/350,Future Shock ZR380
https://vignette.wikia.nocookie.net/gtawiki/images/0/06/NightmareZR380-GTAO-front.png/revision/latest/scale-to-width-down/350,Nightmare ZR380
https://vignette.wikia.nocookie.net/gtawiki/images/b/be/190z-GTAO-front.png/revision/latest/scale-to-width-down/350,190z
https://vignette.wikia.nocookie.net/gtawiki/images/8/80/Ardent-GTAO-front.png/revision/latest/scale-to-width-down/350,Ardent
https://vignette.wikia.nocookie.net/gtawiki/images/8/86/Casco-GTAO-front.png/revision/latest/scale-to-width-down/350,Casco
https://vignette.wikia.nocookie.net/gtawiki/images/8/8e/Cheburek-GTAO-front.png/revision/latest/scale-to-width-down/350,Cheburek
https://vignette.wikia.nocookie.net/gtawiki/images/3/38/CheetahClassic-GTAO-front.png/revision/latest/scale-to-width-down/350,Cheetah Classic
https://vignette.wikia.nocookie.net/gtawiki/images/0/0b/CoquetteClassic-GTAV-front.png/revision/latest/scale-to-width-down/350,Coquette Classic
https://vignette.wikia.nocookie.net/gtawiki/images/1/15/Deluxo-GTAO-front.png/revision/latest/scale-to-width-down/350,Deluxo
https://vignette.wikia.nocookie.net/gtawiki/images/1/1d/Dynasty-GTAO-front.png/revision/latest/scale-to-width-down/350,Dynasty
https://vignette.wikia.nocookie.net/gtawiki/images/1/14/Fagaloa-GTAO-front.png/revision/latest/scale-to-width-down/350,Fagaloa
https://vignette.wikia.nocookie.net/gtawiki/images/6/63/Fr%C3%A4nkenStange-GTAV-front.png/revision/latest/scale-to-width-down/350,Fr√§nken Stange
https://vignette.wikia.nocookie.net/gtawiki/images/2/25/GT500-GTAO-front.png/revision/latest/scale-to-width-down/350,GT500
https://vignette.wikia.nocookie.net/gtawiki/images/7/73/InfernusClassic-GTAO-front.png/revision/latest/scale-to-width-down/350,Infernus Classic
https://vignette.wikia.nocookie.net/gtawiki/images/7/70/JB700-GTAV-front.png/revision/latest/scale-to-width-down/350,JB 700
https://vignette.wikia.nocookie.net/gtawiki/images/1/14/JB700W-GTAO-front.png/revision/latest/scale-to-width-down/350,JB 700W
https://vignette.wikia.nocookie.net/gtawiki/images/d/d4/Mamba-GTAO-front.png/revision/latest/scale-to-width-down/350,Mamba
https://vignette.wikia.nocookie.net/gtawiki/images/e/ed/Manana-GTAV-front.png/revision/latest/scale-to-width-down/350,Manana
https://vignette.wikia.nocookie.net/gtawiki/images/e/e0/MichelliGT-GTAO-front.png/revision/latest/scale-to-width-down/350,Michelli GT
https://vignette.wikia.nocookie.net/gtawiki/images/4/44/Monroe-GTAV-front.png/revision/latest/scale-to-width-down/350,Monroe
https://vignette.wikia.nocookie.net/gtawiki/images/7/73/NebulaTurbo-GTAO-front.png/revision/latest/scale-to-width-down/350,Nebula Turbo
https://vignette.wikia.nocookie.net/gtawiki/images/c/c8/Peyote-GTAV-front.png/revision/latest/scale-to-width-down/350,Peyote
https://vignette.wikia.nocookie.net/gtawiki/images/e/ec/PeyoteCustom-GTAO-front.png/revision/latest/scale-to-width-down/350,Peyote Custom
https://vignette.wikia.nocookie.net/gtawiki/images/d/d4/Pigalle-GTAV-front.png/revision/latest/scale-to-width-down/350,Pigalle
https://vignette.wikia.nocookie.net/gtawiki/images/1/13/RapidGTClassic-GTAO-front.png/revision/latest/scale-to-width-down/350,Rapid GT Classic
https://vignette.wikia.nocookie.net/gtawiki/images/b/b8/Retinue-GTAO-front.png/revision/latest/scale-to-width-down/350,Retinue
https://vignette.wikia.nocookie.net/gtawiki/images/d/d5/RetinueMkII-GTAO-front.png/revision/latest/scale-to-width-down/350,Retinue Mk II
https://vignette.wikia.nocookie.net/gtawiki/images/b/b4/Roosevelt-GTAV-front.png/revision/latest/scale-to-width-down/350,Roosevelt
https://vignette.wikia.nocookie.net/gtawiki/images/2/2a/RooseveltValor-GTAO-front.png/revision/latest/scale-to-width-down/350,Roosevelt Valor
https://vignette.wikia.nocookie.net/gtawiki/images/d/d6/Savestra-GTAO-front.png/revision/latest/scale-to-width-down/350,Savestra
https://vignette.wikia.nocookie.net/gtawiki/images/4/41/Stinger-GTAV-front.png/revision/latest/scale-to-width-down/350,Stinger
https://vignette.wikia.nocookie.net/gtawiki/images/c/c5/StingerGT-GTAO-front.png/revision/latest/scale-to-width-down/350,Stinger GT
https://vignette.wikia.nocookie.net/gtawiki/images/d/d2/StirlingGT-GTAV-front.png/revision/latest/scale-to-width-down/350,Stirling GT
https://vignette.wikia.nocookie.net/gtawiki/images/c/c4/Stromberg-GTAO-front.png/revision/latest/scale-to-width-down/350,Stromberg (car)
https://vignette.wikia.nocookie.net/gtawiki/images/f/f8/Swinger-GTAO-front.png/revision/latest/scale-to-width-down/350,Swinger
https://vignette.wikia.nocookie.net/gtawiki/images/4/47/Torero-GTAO-front.png/revision/latest/scale-to-width-down/350,Torero
https://vignette.wikia.nocookie.net/gtawiki/images/2/2f/Tornado-GTAV-front.png/revision/latest/scale-to-width-down/350,Tornado
https://vignette.wikia.nocookie.net/gtawiki/images/8/86/Tornado2Down-GTAV-front.png/revision/latest/scale-to-width-down/350,Tornado
https://vignette.wikia.nocookie.net/gtawiki/images/7/74/Tornado3-GTAV-front.png/revision/latest/scale-to-width-down/350,Tornado
https://vignette.wikia.nocookie.net/gtawiki/images/6/66/Tornado4-GTAV-front.png/revision/latest/scale-to-width-down/350,Tornado
https://vignette.wikia.nocookie.net/gtawiki/images/e/ec/TornadoCustomDown-GTAO-front.png/revision/latest/scale-to-width-down/350,Tornado Custom
https://vignette.wikia.nocookie.net/gtawiki/images/7/79/TornadoRatRod-GTAO-front.png/revision/latest/scale-to-width-down/350,Tornado Rat Rod
https://vignette.wikia.nocookie.net/gtawiki/images/9/9a/TurismoClassic-GTAO-front.png/revision/latest/scale-to-width-down/350,Turismo Classic
https://vignette.wikia.nocookie.net/gtawiki/images/b/b2/Viseris-GTAO-front.png/revision/latest/scale-to-width-down/350,Viseris
https://vignette.wikia.nocookie.net/gtawiki/images/e/e7/ZionClassic-GTAO-front.png/revision/latest/scale-to-width-down/350,Zion Classic
https://vignette.wikia.nocookie.net/gtawiki/images/9/9d/Z-Type-GTAV-front.png/revision/latest/scale-to-width-down/350,Z-Type
https://vignette.wikia.nocookie.net/gtawiki/images/5/58/Asea-GTAV-front.png/revision/latest/scale-to-width-down/350,Asea
https://vignette.wikia.nocookie.net/gtawiki/images/e/e3/Asea2-GTAV-front.png/revision/latest/scale-to-width-down/350,Asea
https://vignette.wikia.nocookie.net/gtawiki/images/e/ec/Asterope-GTAV-front.png/revision/latest/scale-to-width-down/350,Asterope
https://vignette.wikia.nocookie.net/gtawiki/images/f/ff/Cognoscenti-GTAO-front.png/revision/latest/scale-to-width-down/350,Cognoscenti
https://vignette.wikia.nocookie.net/gtawiki/images/3/30/CognoscentiArmored-GTAO-front.png/revision/latest/scale-to-width-down/350,Cognoscenti (Armored)
https://vignette.wikia.nocookie.net/gtawiki/images/b/b4/Cognoscenti55-GTAO-front.png/revision/latest/scale-to-width-down/350,Cognoscenti 55
https://vignette.wikia.nocookie.net/gtawiki/images/b/b0/Cognoscenti55Armored-GTAO-front.png/revision/latest/scale-to-width-down/350,Cognoscenti 55 (Armored)
https://vignette.wikia.nocookie.net/gtawiki/images/4/4c/Emperor-GTAV-front.png/revision/latest/scale-to-width-down/350,Emperor
https://vignette.wikia.nocookie.net/gtawiki/images/c/c8/Emperor2-GTAV-front.png/revision/latest/scale-to-width-down/350,Emperor
https://vignette.wikia.nocookie.net/gtawiki/images/f/f5/Emperor3-GTAV-front.png/revision/latest/scale-to-width-down/350,Emperor
https://vignette.wikia.nocookie.net/gtawiki/images/5/5c/Fugitive-GTAV-front.png/revision/latest/scale-to-width-down/350,Fugitive
https://vignette.wikia.nocookie.net/gtawiki/images/4/47/Glendale-GTAV-front.png/revision/latest/scale-to-width-down/350,Glendale
https://vignette.wikia.nocookie.net/gtawiki/images/5/50/GlendaleCustom-GTAO-front.png/revision/latest/scale-to-width-down/350,Glendale Custom
https://vignette.wikia.nocookie.net/gtawiki/images/6/62/Ingot-GTAV-front.png/revision/latest/scale-to-width-down/350,Ingot
https://vignette.wikia.nocookie.net/gtawiki/images/7/7c/Intruder-GTAV-front.png/revision/latest/scale-to-width-down/350,Intruder
https://vignette.wikia.nocookie.net/gtawiki/images/c/ca/Premier-GTAV-front.png/revision/latest/scale-to-width-down/350,Premier
https://vignette.wikia.nocookie.net/gtawiki/images/1/10/Primo-GTAV-front.png/revision/latest/scale-to-width-down/350,Primo
https://vignette.wikia.nocookie.net/gtawiki/images/c/ca/PrimoCustom-GTAO-front.png/revision/latest/scale-to-width-down/350,Primo Custom
https://vignette.wikia.nocookie.net/gtawiki/images/7/71/Regina-GTAV-front.png/revision/latest/scale-to-width-down/350,Regina
https://vignette.wikia.nocookie.net/gtawiki/images/c/cd/RomeroHearse-Front-GTAV.png/revision/latest/scale-to-width-down/350,Romero
https://vignette.wikia.nocookie.net/gtawiki/images/5/57/Schafter-GTAV-front.png/revision/latest/scale-to-width-down/350,Schafter
https://vignette.wikia.nocookie.net/gtawiki/images/c/c3/SchafterLWBArmored-GTAO-front.png/revision/latest/scale-to-width-down/350,Schafter LWB (Armored)
https://vignette.wikia.nocookie.net/gtawiki/images/7/7c/SchafterV12Armored-GTAO-front.png/revision/latest/scale-to-width-down/350,Schafter V12 (Armored)
https://vignette.wikia.nocookie.net/gtawiki/images/3/38/Stafford-GTAO-front.png/revision/latest/scale-to-width-down/350,Stafford
https://vignette.wikia.nocookie.net/gtawiki/images/7/7b/Stanier-GTAV-front.png/revision/latest/scale-to-width-down/350,Stanier
https://vignette.wikia.nocookie.net/gtawiki/images/3/38/Stratum-GTAV-front.png/revision/latest/scale-to-width-down/350,Stratum
https://vignette.wikia.nocookie.net/gtawiki/images/4/48/Stretch-GTAV-front.png/revision/latest/scale-to-width-down/350,Stretch
https://vignette.wikia.nocookie.net/gtawiki/images/d/d8/SuperDiamond-GTAV-front.png/revision/latest/scale-to-width-down/350,Super Diamond
https://vignette.wikia.nocookie.net/gtawiki/images/c/c2/Surge-GTAV-front.png/revision/latest/scale-to-width-down/350,Surge
https://vignette.wikia.nocookie.net/gtawiki/images/e/e1/Tailgater-GTAV-front.png/revision/latest/scale-to-width-down/350,Tailgater
https://vignette.wikia.nocookie.net/gtawiki/images/3/39/TurretedLimo-GTAO-front.png/revision/latest/scale-to-width-down/350,Turreted Limo
https://vignette.wikia.nocookie.net/gtawiki/images/3/3c/Warrener-GTAV-front.png/revision/latest/scale-to-width-down/350,Warrener
https://vignette.wikia.nocookie.net/gtawiki/images/1/12/Washington-GTAV-front.png/revision/latest/scale-to-width-down/350,Washington
https://vignette.wikia.nocookie.net/gtawiki/images/f/f3/Blade-GTAV-front.png/revision/latest/scale-to-width-down/350,Blade
https://vignette.wikia.nocookie.net/gtawiki/images/9/9f/Buccaneer-GTAV-front.png/revision/latest/scale-to-width-down/350,Buccaneer
https://vignette.wikia.nocookie.net/gtawiki/images/a/a2/BuccaneerCustom-GTAO-front.png/revision/latest/scale-to-width-down/350,Buccaneer Custom
https://vignette.wikia.nocookie.net/gtawiki/images/1/17/Chino-GTAV-front.png/revision/latest/scale-to-width-down/350,Chino
https://vignette.wikia.nocookie.net/gtawiki/images/3/3f/ChinoCustom-GTAO-front.png/revision/latest/scale-to-width-down/350,Chino Custom
https://vignette.wikia.nocookie.net/gtawiki/images/c/c6/Clique-GTAO-front.png/revision/latest/scale-to-width-down/350,Clique
https://vignette.wikia.nocookie.net/gtawiki/images/d/df/CoquetteBlackFin-GTAV-front.png/revision/latest/scale-to-width-down/350,Coquette BlackFin
https://vignette.wikia.nocookie.net/gtawiki/images/0/01/Deviant-GTAO-front.png/revision/latest/scale-to-width-down/350,Deviant
https://vignette.wikia.nocookie.net/gtawiki/images/7/78/Dominator-GTAV-front.png/revision/latest/scale-to-width-down/350,Dominator
https://vignette.wikia.nocookie.net/gtawiki/images/8/8b/DominatorGTX-GTAO-front.png/revision/latest/scale-to-width-down/350,Dominator GTX
https://vignette.wikia.nocookie.net/gtawiki/images/2/2b/ApocalypseDominator-GTAO-front.png/revision/latest/scale-to-width-down/350,Apocalypse Dominator
https://vignette.wikia.nocookie.net/gtawiki/images/d/d6/FutureShockDominator-GTAO-front.png/revision/latest/scale-to-width-down/350,Future Shock Dominator
https://vignette.wikia.nocookie.net/gtawiki/images/8/8b/NightmareDominator-GTAO-front.png/revision/latest/scale-to-width-down/350,Nightmare Dominator
https://vignette.wikia.nocookie.net/gtawiki/images/c/cf/PisswasserDominator-GTAVPC-front.png/revision/latest/scale-to-width-down/350,Pisswasser Dominator
https://vignette.wikia.nocookie.net/gtawiki/images/4/4d/DukeODeath-GTAV-front.png/revision/latest/scale-to-width-down/350,Duke O'Death
https://vignette.wikia.nocookie.net/gtawiki/images/5/53/Dukes-GTAV-front.png/revision/latest/scale-to-width-down/350,Dukes
https://vignette.wikia.nocookie.net/gtawiki/images/9/95/BeaterDukes-GTAO-front.png/revision/latest/scale-to-width-down/350,Beater Dukes
https://vignette.wikia.nocookie.net/gtawiki/images/6/6b/Ellie-GTAO-front.png/revision/latest/scale-to-width-down/350,Ellie
https://vignette.wikia.nocookie.net/gtawiki/images/0/07/Faction-GTAO-front.png/revision/latest/scale-to-width-down/350,Faction
https://vignette.wikia.nocookie.net/gtawiki/images/f/f0/FactionCustom-GTAO-front.png/revision/latest/scale-to-width-down/350,Faction Custom
https://vignette.wikia.nocookie.net/gtawiki/images/8/80/FactionCustomDonk-GTAO-front.png/revision/latest/scale-to-width-down/350,Faction Custom Donk
https://vignette.wikia.nocookie.net/gtawiki/images/d/dd/Gauntlet-GTAV-front.png/revision/latest/scale-to-width-down/350,Gauntlet
https://vignette.wikia.nocookie.net/gtawiki/images/f/fa/GauntletClassic-GTAO-front.png/revision/latest/scale-to-width-down/350,Gauntlet Classic
https://vignette.wikia.nocookie.net/gtawiki/images/f/f8/GauntletClassicCustom-GTAO-front.png/revision/latest/scale-to-width-down/350,Gauntlet Classic Custom
https://vignette.wikia.nocookie.net/gtawiki/images/4/40/GauntletHellfire-GTAO-front.png/revision/latest/scale-to-width-down/350,Gauntlet Hellfire
https://vignette.wikia.nocookie.net/gtawiki/images/0/05/RedwoodGauntlet-GTAVPC-front.png/revision/latest/scale-to-width-down/350,Redwood Gauntlet
https://vignette.wikia.nocookie.net/gtawiki/images/9/9b/Hermes-GTAO-front.png/revision/latest/scale-to-width-down/350,Hermes
https://vignette.wikia.nocookie.net/gtawiki/images/0/07/Hotknife-GTAV-front.png/revision/latest/scale-to-width-down/350,Hotknife
https://vignette.wikia.nocookie.net/gtawiki/images/f/f1/Hustler-GTAO-front.png/revision/latest/scale-to-width-down/350,Hustler
https://vignette.wikia.nocookie.net/gtawiki/images/4/43/Impaler-GTAO-front.png/revision/latest/scale-to-width-down/350,Impaler
https://vignette.wikia.nocookie.net/gtawiki/images/1/19/ApocalypseImpaler-GTAO-front.png/revision/latest/scale-to-width-down/350,Apocalypse Impaler
https://vignette.wikia.nocookie.net/gtawiki/images/7/78/FutureShockImpaler-GTAO-front.png/revision/latest/scale-to-width-down/350,Future Shock Impaler
https://vignette.wikia.nocookie.net/gtawiki/images/7/71/NightmareImpaler-GTAO-front.png/revision/latest/scale-to-width-down/350,Nightmare Impaler
https://vignette.wikia.nocookie.net/gtawiki/images/f/f2/ApocalypseImperator-GTAO-front.png/revision/latest/scale-to-width-down/350,Apocalypse Imperator
https://vignette.wikia.nocookie.net/gtawiki/images/4/40/FutureShockImperator-GTAO-front.png/revision/latest/scale-to-width-down/350,Future Shock Imperator
https://vignette.wikia.nocookie.net/gtawiki/images/8/82/NightmareImperator-GTAO-front.png/revision/latest/scale-to-width-down/350,Nightmare Imperator
https://vignette.wikia.nocookie.net/gtawiki/images/0/0d/Lurcher-GTAV-front.png/revision/latest/scale-to-width-down/350,Lurcher
https://vignette.wikia.nocookie.net/gtawiki/images/f/fd/MananaCustom-GTAO-front.png/revision/latest/scale-to-width-down/350,Manana Custom
https://vignette.wikia.nocookie.net/gtawiki/images/b/b3/Moonbeam-GTAO-front.png/revision/latest/scale-to-width-down/350,Moonbeam
https://vignette.wikia.nocookie.net/gtawiki/images/9/94/MoonbeamCustom-GTAO-front.png/revision/latest/scale-to-width-down/350,Moonbeam Custom
https://vignette.wikia.nocookie.net/gtawiki/images/3/3e/Nightshade-GTAO-front.png/revision/latest/scale-to-width-down/350,Nightshade
https://vignette.wikia.nocookie.net/gtawiki/images/6/6b/PeyoteGasser-GTAO-front.png/revision/latest/scale-to-width-down/350,Peyote Gasser
https://vignette.wikia.nocookie.net/gtawiki/images/a/af/Phoenix-GTAV-front.png/revision/latest/scale-to-width-down/350,Phoenix
https://vignette.wikia.nocookie.net/gtawiki/images/5/5a/Picador-GTAV-front.png/revision/latest/scale-to-width-down/350,Picador
https://vignette.wikia.nocookie.net/gtawiki/images/c/cd/Rat-Loader-GTAV-front.png/revision/latest/scale-to-width-down/350,Rat-Loader
https://vignette.wikia.nocookie.net/gtawiki/images/7/7a/Rat-Truck-GTAV-front.png/revision/latest/scale-to-width-down/350,Rat-Truck
https://vignette.wikia.nocookie.net/gtawiki/images/6/67/Ruiner-GTAV-front.png/revision/latest/scale-to-width-down/350,Ruiner
https://vignette.wikia.nocookie.net/gtawiki/images/f/fe/Ruiner3-GTAO-front.png/revision/latest/scale-to-width-down/350,Ruiner3
https://vignette.wikia.nocookie.net/gtawiki/images/4/4c/Ruiner2000-GTAO-front.png/revision/latest/scale-to-width-down/350,Ruiner 2000
https://vignette.wikia.nocookie.net/gtawiki/images/e/e6/SabreTurbo-GTAV-front.png/revision/latest/scale-to-width-down/350,Sabre Turbo
https://vignette.wikia.nocookie.net/gtawiki/images/1/18/SabreTurboCustom-GTAO-front.png/revision/latest/scale-to-width-down/350,Sabre Turbo Custom
https://vignette.wikia.nocookie.net/gtawiki/images/c/cb/Slamvan-GTAV-front.png/revision/latest/scale-to-width-down/350,Slamvan
https://vignette.wikia.nocookie.net/gtawiki/images/6/61/LostSlamvan2-GTAO-front.png/revision/latest/scale-to-width-down/350,Lost Slamvan
https://vignette.wikia.nocookie.net/gtawiki/images/9/96/SlamvanCustom-GTAO-front.png/revision/latest/scale-to-width-down/350,Slamvan Custom
https://vignette.wikia.nocookie.net/gtawiki/images/0/00/Stallion-GTAV-front.png/revision/latest/scale-to-width-down/350,Stallion
https://vignette.wikia.nocookie.net/gtawiki/images/3/36/BurgerShotStallion-GTAVPC-front.png/revision/latest/scale-to-width-down/350,Burger Shot Stallion
https://vignette.wikia.nocookie.net/gtawiki/images/d/d8/Tampa-GTAO-front.png/revision/latest/scale-to-width-down/350,Tampa
https://vignette.wikia.nocookie.net/gtawiki/images/e/ea/WeaponizedTampa-GTAO-front.png/revision/latest/scale-to-width-down/350,Weaponized Tampa
https://vignette.wikia.nocookie.net/gtawiki/images/2/2b/Tulip-GTAO-front.png/revision/latest/scale-to-width-down/350,Tulip
https://vignette.wikia.nocookie.net/gtawiki/images/a/ac/Vamos-GTAO-front.png/revision/latest/scale-to-width-down/350,Vamos
https://vignette.wikia.nocookie.net/gtawiki/images/c/c4/Vigero-GTAV-front.png/revision/latest/scale-to-width-down/350,Vigero
https://vignette.wikia.nocookie.net/gtawiki/images/2/24/Virgo-GTAV-front.png/revision/latest/scale-to-width-down/350,Virgo
https://vignette.wikia.nocookie.net/gtawiki/images/1/1b/VirgoClassic-GTAO-front.png/revision/latest/scale-to-width-down/350,Virgo Classic
https://vignette.wikia.nocookie.net/gtawiki/images/c/ca/VirgoClassicCustom-GTAO-front.png/revision/latest/scale-to-width-down/350,Virgo Classic Custom
https://vignette.wikia.nocookie.net/gtawiki/images/1/15/Voodoo-GTAV-front.png/revision/latest/scale-to-width-down/350,Voodoo
https://vignette.wikia.nocookie.net/gtawiki/images/f/fc/VoodooCustom-GTAO-front.png/revision/latest/scale-to-width-down/350,Voodoo Custom
https://vignette.wikia.nocookie.net/gtawiki/images/0/09/Yosemite-GTAO-front.png/revision/latest/scale-to-width-down/350,Yosemite
https://vignette.wikia.nocookie.net/gtawiki/images/7/7f/DriftYosemite-GTAO-front.png/revision/latest/scale-to-width-down/350,Drift Yosemite
https://vignette.wikia.nocookie.net/gtawiki/images/2/28/CognoscentiCabrioUp-GTAV-front.png/revision/latest/scale-to-width-down/350,Cognoscenti Cabrio
https://vignette.wikia.nocookie.net/gtawiki/images/d/de/Exemplar-GTAV-front.png/revision/latest/scale-to-width-down/350,Exemplar
https://vignette.wikia.nocookie.net/gtawiki/images/f/f8/F620-GTAV-front.png/revision/latest/scale-to-width-down/350,F620
https://vignette.wikia.nocookie.net/gtawiki/images/d/de/Felon-GTAV-front.png/revision/latest/scale-to-width-down/350,Felon
https://vignette.wikia.nocookie.net/gtawiki/images/0/0f/FelonGTDown-GTAV-front.png/revision/latest/scale-to-width-down/350,Felon GT
https://vignette.wikia.nocookie.net/gtawiki/images/4/48/Jackal-GTAV-front.png/revision/latest/scale-to-width-down/350,Jackal
https://vignette.wikia.nocookie.net/gtawiki/images/a/a4/Oracle-GTAV-front.png/revision/latest/scale-to-width-down/350,Oracle
https://vignette.wikia.nocookie.net/gtawiki/images/2/22/OracleXS-GTAV-front.png/revision/latest/scale-to-width-down/350,Oracle XS
https://vignette.wikia.nocookie.net/gtawiki/images/7/75/SentinelUp-GTAV-front.png/revision/latest/scale-to-width-down/350,Sentinel
https://vignette.wikia.nocookie.net/gtawiki/images/d/d0/SentinelXS-GTAV-front.png/revision/latest/scale-to-width-down/350,Sentinel XS
https://vignette.wikia.nocookie.net/gtawiki/images/2/26/Windsor-GTAV-front.png/revision/latest/scale-to-width-down/350,Windsor
https://vignette.wikia.nocookie.net/gtawiki/images/3/31/WindsorDropUp-GTAO-front.png/revision/latest/scale-to-width-down/350,Windsor Drop
https://vignette.wikia.nocookie.net/gtawiki/images/c/cc/Zion-GTAV-front.png/revision/latest/scale-to-width-down/350,Zion
https://vignette.wikia.nocookie.net/gtawiki/images/8/83/ZionCabrioUp-GTAV-front.png/revision/latest/scale-to-width-down/350,Zion Cabrio
https://vignette.wikia.nocookie.net/gtawiki/images/b/bd/Asbo-GTAO-front.png/revision/latest/scale-to-width-down/350,Asbo
https://vignette.wikia.nocookie.net/gtawiki/images/c/c0/Blista-GTAV-front.png/revision/latest/scale-to-width-down/350,Blista
https://vignette.wikia.nocookie.net/gtawiki/images/a/a4/BlistaKanjo-GTAO-front.png/revision/latest/scale-to-width-down/350,Blista Kanjo
https://vignette.wikia.nocookie.net/gtawiki/images/8/80/BriosoRA-GTAO-front.png/revision/latest/scale-to-width-down/350,Brioso R/A
https://vignette.wikia.nocookie.net/gtawiki/images/a/a0/Club-GTAO-front.png/revision/latest/scale-to-width-down/350,Club
https://vignette.wikia.nocookie.net/gtawiki/images/8/80/Dilettante-GTAV-front.png/revision/latest/scale-to-width-down/350,Dilettante
https://vignette.wikia.nocookie.net/gtawiki/images/5/5a/Dilettante2-GTAV-front.png/revision/latest/scale-to-width-down/350,Dilettante
https://vignette.wikia.nocookie.net/gtawiki/images/e/ea/ApocalypseIssi-GTAO-front.png/revision/latest/scale-to-width-down/350,Apocalypse Issi
https://vignette.wikia.nocookie.net/gtawiki/images/7/7a/FutureShockIssi-GTAO-front.png/revision/latest/scale-to-width-down/350,Future Shock Issi
https://vignette.wikia.nocookie.net/gtawiki/images/b/b0/NightmareIssi-GTAO-front.png/revision/latest/scale-to-width-down/350,Nightmare Issi
https://vignette.wikia.nocookie.net/gtawiki/images/9/9c/IssiDown-GTAV-front.png/revision/latest/scale-to-width-down/350,Issi
https://vignette.wikia.nocookie.net/gtawiki/images/9/9f/IssiClassic-GTAO-front.png/revision/latest/scale-to-width-down/350,Issi Classic
https://vignette.wikia.nocookie.net/gtawiki/images/a/ad/Panto-GTAV-front.png/revision/latest/scale-to-width-down/350,Panto
https://vignette.wikia.nocookie.net/gtawiki/images/0/06/Prairie-GTAV-front.png/revision/latest/scale-to-width-down/350,Prairie
https://vignette.wikia.nocookie.net/gtawiki/images/c/cc/Rhapsody-GTAV-front.png/revision/latest/scale-to-width-down/350,Rhapsody
https://vignette.wikia.nocookie.net/gtawiki/images/3/3d/Baller-GTAV-front.png/revision/latest/scale-to-width-down/350,Baller
https://vignette.wikia.nocookie.net/gtawiki/images/e/ef/Baller2-GTAV-front.png/revision/latest/scale-to-width-down/350,Baller
https://vignette.wikia.nocookie.net/gtawiki/images/7/71/BallerLE-GTAO-front.png/revision/latest/scale-to-width-down/350,Baller LE
https://vignette.wikia.nocookie.net/gtawiki/images/6/6c/BallerLEArmored-GTAO-front.png/revision/latest/scale-to-width-down/350,Baller LE (Armored)
https://vignette.wikia.nocookie.net/gtawiki/images/3/3c/BallerLELWB-GTAO-front.png/revision/latest/scale-to-width-down/350,Baller LE LWB
https://vignette.wikia.nocookie.net/gtawiki/images/7/7d/BallerLELWBArmored-GTAO-front.png/revision/latest/scale-to-width-down/350,Baller LE LWB (Armored)
https://vignette.wikia.nocookie.net/gtawiki/images/d/da/BeeJayXL-GTAV-front.png/revision/latest/scale-to-width-down/350,BeeJay XL
https://vignette.wikia.nocookie.net/gtawiki/images/c/c5/Cavalcade-GTAV-front.png/revision/latest/scale-to-width-down/350,Cavalcade
https://vignette.wikia.nocookie.net/gtawiki/images/0/08/Cavalcade2-GTAV-front.png/revision/latest/scale-to-width-down/350,Cavalcade
https://vignette.wikia.nocookie.net/gtawiki/images/c/c6/Contender-GTAO-front.png/revision/latest/scale-to-width-down/350,Contender
https://vignette.wikia.nocookie.net/gtawiki/images/c/c0/Dubsta-GTAV-front.png/revision/latest/scale-to-width-down/350,Dubsta
https://vignette.wikia.nocookie.net/gtawiki/images/f/fa/Dubsta2-GTAV-front.png/revision/latest/scale-to-width-down/350,Dubsta
https://vignette.wikia.nocookie.net/gtawiki/images/6/6e/FQ2-GTAV-front.png/revision/latest/scale-to-width-down/350,FQ 2
https://vignette.wikia.nocookie.net/gtawiki/images/d/de/Granger-GTAV-front.png/revision/latest/scale-to-width-down/350,Granger
https://vignette.wikia.nocookie.net/gtawiki/images/f/ff/Gresley-GTAV-front.png/revision/latest/scale-to-width-down/350,Gresley
https://vignette.wikia.nocookie.net/gtawiki/images/c/c9/Habanero-GTAV-front.png/revision/latest/scale-to-width-down/350,Habanero
https://vignette.wikia.nocookie.net/gtawiki/images/2/2f/HuntleyS-GTAV-front.png/revision/latest/scale-to-width-down/350,Huntley S
https://vignette.wikia.nocookie.net/gtawiki/images/7/77/Landstalker-GTAV-front.png/revision/latest/scale-to-width-down/350,Landstalker
https://vignette.wikia.nocookie.net/gtawiki/images/1/1b/LandstalkerXL-GTAO-front.png/revision/latest/scale-to-width-down/350,Landstalker XL
https://vignette.wikia.nocookie.net/gtawiki/images/9/97/Mesa-GTAV-front.png/revision/latest/scale-to-width-down/350,Mesa
https://vignette.wikia.nocookie.net/gtawiki/images/a/ac/Mesa2-GTAV-front.png/revision/latest/scale-to-width-down/350,Mesa
https://vignette.wikia.nocookie.net/gtawiki/images/e/ec/Novak-GTAO-front.png/revision/latest/scale-to-width-down/350,Novak
https://vignette.wikia.nocookie.net/gtawiki/images/5/54/Patriot-GTAV-front.png/revision/latest/scale-to-width-down/350,Patriot
https://vignette.wikia.nocookie.net/gtawiki/images/4/4b/PatriotStretch-GTAO-front.png/revision/latest/scale-to-width-down/350,Patriot Stretch
https://vignette.wikia.nocookie.net/gtawiki/images/b/b6/Radius-GTAV-front.png/revision/latest/scale-to-width-down/350,Radius
https://vignette.wikia.nocookie.net/gtawiki/images/a/a6/ReblaGTS-GTAO-front.png/revision/latest/scale-to-width-down/350,Rebla GTS
https://vignette.wikia.nocookie.net/gtawiki/images/2/28/Rocoto-GTAV-front.png/revision/latest/scale-to-width-down/350,Rocoto
https://vignette.wikia.nocookie.net/gtawiki/images/a/a0/Seminole-GTAV-front.png/revision/latest/scale-to-width-down/350,Seminole
https://vignette.wikia.nocookie.net/gtawiki/images/0/0c/SeminoleFrontier-GTAO-front.png/revision/latest/scale-to-width-down/350,Seminole Frontier
https://vignette.wikia.nocookie.net/gtawiki/images/3/3d/Serrano-GTAV-front.png/revision/latest/scale-to-width-down/350,Serrano
https://vignette.wikia.nocookie.net/gtawiki/images/d/d3/Toros-GTAO-front.png/revision/latest/scale-to-width-down/350,Toros
https://vignette.wikia.nocookie.net/gtawiki/images/8/8c/XLS-GTAO-front.png/revision/latest/scale-to-width-down/350,XLS
https://vignette.wikia.nocookie.net/gtawiki/images/e/e3/XLSArmored-GTAO-front.png/revision/latest/scale-to-width-down/350,XLS (Armored)
https://vignette.wikia.nocookie.net/gtawiki/images/9/9a/Akuma-GTAV-front.png/revision/latest/scale-to-width-down/350,Akuma
https://vignette.wikia.nocookie.net/gtawiki/images/0/0e/ApocalypseDeathbike-GTAO-front.png/revision/latest/scale-to-width-down/350,Apocalypse Deathbike
https://vignette.wikia.nocookie.net/gtawiki/images/b/ba/FutureShockDeathbike-GTAO-front.png/revision/latest/scale-to-width-down/350,Future Shock Deathbike
https://vignette.wikia.nocookie.net/gtawiki/images/6/6e/NightmareDeathbike-GTAO-front.png/revision/latest/scale-to-width-down/350,Nightmare Deathbike
https://vignette.wikia.nocookie.net/gtawiki/images/1/1a/Avarus-GTAO-front.png/revision/latest/scale-to-width-down/350,Avarus
https://vignette.wikia.nocookie.net/gtawiki/images/1/10/Bagger-GTAV-front.png/revision/latest/scale-to-width-down/350,Bagger
https://vignette.wikia.nocookie.net/gtawiki/images/d/d9/Bati801-GTAV-front.png/revision/latest/scale-to-width-down/350,Bati 801
https://vignette.wikia.nocookie.net/gtawiki/images/e/e3/Bati801RR-GTAV-front-Sprunk.png/revision/latest/scale-to-width-down/350,Bati 801RR
https://vignette.wikia.nocookie.net/gtawiki/images/0/00/BF400-GTAO-front.png/revision/latest/scale-to-width-down/350,BF400
https://vignette.wikia.nocookie.net/gtawiki/images/2/2d/CarbonRS-GTAV-front.png/revision/latest/scale-to-width-down/350,Carbon RS
https://vignette.wikia.nocookie.net/gtawiki/images/8/8a/Chimera-GTAO-front.png/revision/latest/scale-to-width-down/350,Chimera
https://vignette.wikia.nocookie.net/gtawiki/images/7/78/Cliffhanger-GTAO-front.png/revision/latest/scale-to-width-down/350,Cliffhanger
https://vignette.wikia.nocookie.net/gtawiki/images/f/f7/Daemon-GTAV-front.png/revision/latest/scale-to-width-down/350,Daemon
https://vignette.wikia.nocookie.net/gtawiki/images/6/6b/Daemon2-GTAO-front.png/revision/latest/scale-to-width-down/350,Daemon
https://vignette.wikia.nocookie.net/gtawiki/images/f/f5/Defiler-GTAO-front.png/revision/latest/scale-to-width-down/350,Defiler
https://vignette.wikia.nocookie.net/gtawiki/images/4/47/Diabolus-GTAO-front.png/revision/latest/scale-to-width-down/350,Diabolus
https://vignette.wikia.nocookie.net/gtawiki/images/1/11/DiabolusCustom-GTAO-front.png/revision/latest/scale-to-width-down/350,Diabolus Custom
https://vignette.wikia.nocookie.net/gtawiki/images/8/8c/DoubleT-GTAV-front.png/revision/latest/scale-to-width-down/350,Double T
https://vignette.wikia.nocookie.net/gtawiki/images/e/ef/Enduro-GTAO-front.png/revision/latest/scale-to-width-down/350,Enduro
https://vignette.wikia.nocookie.net/gtawiki/images/4/4e/Esskey-GTAO-front.png/revision/latest/scale-to-width-down/350,Esskey
https://vignette.wikia.nocookie.net/gtawiki/images/9/91/Faggio-GTAV-front.png/revision/latest/scale-to-width-down/350,Faggio
https://vignette.wikia.nocookie.net/gtawiki/images/0/07/FaggioMod-GTAO-front.png/revision/latest/scale-to-width-down/350,Faggio Mod
https://vignette.wikia.nocookie.net/gtawiki/images/5/50/FaggioSport-GTAO-front.png/revision/latest/scale-to-width-down/350,Faggio Sport
https://vignette.wikia.nocookie.net/gtawiki/images/9/95/FCR1000-GTAO-front.png/revision/latest/scale-to-width-down/350,FCR 1000
https://vignette.wikia.nocookie.net/gtawiki/images/8/87/FCR1000Custom-GTAO-front.png/revision/latest/scale-to-width-down/350,FCR 1000 Custom
https://vignette.wikia.nocookie.net/gtawiki/images/e/ea/Gargoyle-GTAO-front.png/revision/latest/scale-to-width-down/350,Gargoyle
https://vignette.wikia.nocookie.net/gtawiki/images/a/ab/Hakuchou-GTAV-front.png/revision/latest/scale-to-width-down/350,Hakuchou
https://vignette.wikia.nocookie.net/gtawiki/images/f/fd/HakuchouDrag-GTAO-front.png/revision/latest/scale-to-width-down/350,Hakuchou Drag
https://vignette.wikia.nocookie.net/gtawiki/images/6/64/Hexer-GTAV-front.png/revision/latest/scale-to-width-down/350,Hexer
https://vignette.wikia.nocookie.net/gtawiki/images/1/13/Innovation-GTAV-front.png/revision/latest/scale-to-width-down/350,Innovation
https://vignette.wikia.nocookie.net/gtawiki/images/d/de/Lectro-GTAO-front.png/revision/latest/scale-to-width-down/350,Lectro
https://vignette.wikia.nocookie.net/gtawiki/images/c/c6/Manchez-GTAO-front.png/revision/latest/scale-to-width-down/350,Manchez
https://vignette.wikia.nocookie.net/gtawiki/images/4/4b/Nemesis-GTAV-front.png/revision/latest/scale-to-width-down/350,Nemesis
https://vignette.wikia.nocookie.net/gtawiki/images/6/6b/Nightblade-GTAO-front.png/revision/latest/scale-to-width-down/350,Nightblade
https://vignette.wikia.nocookie.net/gtawiki/images/1/16/Oppressor-GTAO-front.png/revision/latest/scale-to-width-down/350,Oppressor
https://vignette.wikia.nocookie.net/gtawiki/images/8/85/OppressorMkII-GTAO-front.png/revision/latest/scale-to-width-down/350,Oppressor Mk II
https://vignette.wikia.nocookie.net/gtawiki/images/7/74/PCJ600-GTAV-front.png/revision/latest/scale-to-width-down/350,PCJ-600
https://vignette.wikia.nocookie.net/gtawiki/images/0/09/RampantRocket-GTAO-front.png/revision/latest/scale-to-width-down/350,Rampant Rocket
https://vignette.wikia.nocookie.net/gtawiki/images/b/b5/RatBike-GTAO-front.png/revision/latest/scale-to-width-down/350,Rat Bike
https://vignette.wikia.nocookie.net/gtawiki/images/7/70/Ruffian-GTAV-front-variant2.png/revision/latest/scale-to-width-down/350,Ruffian
https://vignette.wikia.nocookie.net/gtawiki/images/4/46/Sanchez-GTAV-front-Sprunk.png/revision/latest/scale-to-width-down/350,Sanchez (Livery)
https://vignette.wikia.nocookie.net/gtawiki/images/9/93/Sanchez2-GTAV-front.png/revision/latest/scale-to-width-down/350,Sanchez
https://vignette.wikia.nocookie.net/gtawiki/images/b/be/Sanctus-GTAO-front.png/revision/latest/scale-to-width-down/350,Sanctus
https://vignette.wikia.nocookie.net/gtawiki/images/d/df/Shotaro-GTAO-front.png/revision/latest/scale-to-width-down/350,Shotaro
https://vignette.wikia.nocookie.net/gtawiki/images/9/98/Sovereign-GTAV-front.png/revision/latest/scale-to-width-down/350,Sovereign
https://vignette.wikia.nocookie.net/gtawiki/images/3/3b/Stryder-GTAO-front.png/revision/latest/scale-to-width-down/350,Stryder
https://vignette.wikia.nocookie.net/gtawiki/images/4/4e/Thrust-GTAV-front.png/revision/latest/scale-to-width-down/350,Thrust
https://vignette.wikia.nocookie.net/gtawiki/images/9/9b/Vader-GTAV-front.png/revision/latest/scale-to-width-down/350,Vader
https://vignette.wikia.nocookie.net/gtawiki/images/5/5f/Vindicator-GTAV-front.png/revision/latest/scale-to-width-down/350,Vindicator
https://vignette.wikia.nocookie.net/gtawiki/images/7/71/Vortex-GTAO-front.png/revision/latest/scale-to-width-down/350,Vortex (motorcycle)
https://vignette.wikia.nocookie.net/gtawiki/images/f/ff/Wolfsbane-GTAO-front.png/revision/latest/scale-to-width-down/350,Wolfsbane
https://vignette.wikia.nocookie.net/gtawiki/images/a/af/ZombieBobber-GTAO-front.png/revision/latest/scale-to-width-down/350,Zombie Bobber
https://vignette.wikia.nocookie.net/gtawiki/images/7/70/ZombieChopper-GTAO-front.png/revision/latest/scale-to-width-down/350,Zombie Chopper
https://vignette.wikia.nocookie.net/gtawiki/images/e/ee/Ambulance-GTAV-front-LSMC.png/revision/latest/scale-to-width-down/350,Ambulance
https://vignette.wikia.nocookie.net/gtawiki/images/8/87/FIB-GTAV-front.png/revision/latest/scale-to-width-down/350,FIB
https://vignette.wikia.nocookie.net/gtawiki/images/c/cf/FIB2-GTAV-front.png/revision/latest/scale-to-width-down/350,FIB
https://vignette.wikia.nocookie.net/gtawiki/images/6/6d/Firetruck-GTAV-front.png/revision/latest/scale-to-width-down/350,Fire Truck
https://vignette.wikia.nocookie.net/gtawiki/images/6/69/Lifeguard-GTAV-front.png/revision/latest/scale-to-width-down/350,Lifeguard
https://vignette.wikia.nocookie.net/gtawiki/images/9/92/ParkRanger-GTAV-front.png/revision/latest/scale-to-width-down/350,Park Ranger
https://vignette.wikia.nocookie.net/gtawiki/images/7/70/PoliceBike-GTAV-front.png/revision/latest/scale-to-width-down/350,Police Bike
https://vignette.wikia.nocookie.net/gtawiki/images/b/bd/PoliceCruiser-GTAV-front.png/revision/latest/scale-to-width-down/350,Police Cruiser
https://vignette.wikia.nocookie.net/gtawiki/images/b/b1/PoliceCruiser2-GTAV-front.png/revision/latest/scale-to-width-down/350,Police Cruiser
https://vignette.wikia.nocookie.net/gtawiki/images/6/6b/PoliceCruiser3-GTAV-front.png/revision/latest/scale-to-width-down/350,Police Cruiser
https://vignette.wikia.nocookie.net/gtawiki/images/5/55/PolicePrisonBus-GTAV-front.png/revision/latest/scale-to-width-down/350,Police Prison Bus
https://vignette.wikia.nocookie.net/gtawiki/images/6/66/PoliceRancher-GTAV-front.png/revision/latest/scale-to-width-down/350,Police Rancher
https://vignette.wikia.nocookie.net/gtawiki/images/1/16/PoliceRiot-GTAV-front.png/revision/latest/scale-to-width-down/350,Police Riot
https://vignette.wikia.nocookie.net/gtawiki/images/3/37/PoliceRoadcruiser-GTAV-front.png/revision/latest/scale-to-width-down/350,Police Roadcruiser
https://vignette.wikia.nocookie.net/gtawiki/images/6/60/PoliceTransporter-GTAV-front.png/revision/latest/scale-to-width-down/350,Police Transporter
https://vignette.wikia.nocookie.net/gtawiki/images/d/db/RCV-GTAO-front.png/revision/latest/scale-to-width-down/350,RCV
https://vignette.wikia.nocookie.net/gtawiki/images/7/7e/SheriffCruiser-GTAV-front.png/revision/latest/scale-to-width-down/350,Sheriff Cruiser
https://vignette.wikia.nocookie.net/gtawiki/images/a/a2/SheriffSUV-GTAV-front.png/revision/latest/scale-to-width-down/350,Sheriff SUV
https://vignette.wikia.nocookie.net/gtawiki/images/7/7b/UnmarkedCruiser-GTAV-front.png/revision/latest/scale-to-width-down/350,Unmarked Cruiser
https://vignette.wikia.nocookie.net/gtawiki/images/c/c0/ApocalypseBruiser-GTAO-front.png/revision/latest/scale-to-width-down/350,Apocalypse Bruiser
https://vignette.wikia.nocookie.net/gtawiki/images/f/f4/FutureShockBruiser-GTAO-front.png/revision/latest/scale-to-width-down/350,Future Shock Bruiser
https://vignette.wikia.nocookie.net/gtawiki/images/6/61/NightmareBruiser-GTAO-front.png/revision/latest/scale-to-width-down/350,Nightmare Bruiser
https://vignette.wikia.nocookie.net/gtawiki/images/a/a0/ApocalypseBrutus-GTAO-front.png/revision/latest/scale-to-width-down/350,Apocalypse Brutus
https://vignette.wikia.nocookie.net/gtawiki/images/2/25/FutureShockBrutus-GTAO-front.png/revision/latest/scale-to-width-down/350,Future Shock Brutus
https://vignette.wikia.nocookie.net/gtawiki/images/2/2c/NightmareBrutus-GTAO-front.png/revision/latest/scale-to-width-down/350,Nightmare Brutus
https://vignette.wikia.nocookie.net/gtawiki/images/0/07/Bifta-GTAV-front.png/revision/latest/scale-to-width-down/350,Bifta
https://vignette.wikia.nocookie.net/gtawiki/images/3/35/Blazer-GTAV-front.png/revision/latest/scale-to-width-down/350,Blazer
https://vignette.wikia.nocookie.net/gtawiki/images/0/05/BlazerAqua-GTAO-front.png/revision/latest/scale-to-width-down/350,Blazer Aqua
https://vignette.wikia.nocookie.net/gtawiki/images/b/b4/BlazerLifeguard-GTAV-front.png/revision/latest/scale-to-width-down/350,Blazer Lifeguard
https://vignette.wikia.nocookie.net/gtawiki/images/8/8f/Bodhi-GTAV-front.png/revision/latest/scale-to-width-down/350,Bodhi
https://vignette.wikia.nocookie.net/gtawiki/images/6/6c/Brawler-GTAV-front.png/revision/latest/scale-to-width-down/350,Brawler
https://vignette.wikia.nocookie.net/gtawiki/images/1/17/Caracara-GTAO-front.png/revision/latest/scale-to-width-down/350,Caracara
https://vignette.wikia.nocookie.net/gtawiki/images/a/a4/Caracara4x4-GTAO-front.png/revision/latest/scale-to-width-down/350,Caracara 4x4
https://vignette.wikia.nocookie.net/gtawiki/images/6/6b/DesertRaid-GTAO-front.png/revision/latest/scale-to-width-down/350,Desert Raid
https://vignette.wikia.nocookie.net/gtawiki/images/1/10/Dubsta6x6-GTAV-front.png/revision/latest/scale-to-width-down/350,Dubsta 6x6
https://vignette.wikia.nocookie.net/gtawiki/images/c/cb/DuneBuggy-GTAV-front.png/revision/latest/scale-to-width-down/350,Dune Buggy
https://vignette.wikia.nocookie.net/gtawiki/images/6/65/DuneFAV-GTAO-front.png/revision/latest/scale-to-width-down/350,Dune FAV
https://vignette.wikia.nocookie.net/gtawiki/images/e/e1/Everon-GTAO-front.png/revision/latest/scale-to-width-down/350,Everon
https://vignette.wikia.nocookie.net/gtawiki/images/a/a4/Freecrawler-GTAO-front.png/revision/latest/scale-to-width-down/350,Freecrawler
https://vignette.wikia.nocookie.net/gtawiki/images/e/e6/Duneloader-GTAV-front.png/revision/latest/scale-to-width-down/350,Duneloader
https://vignette.wikia.nocookie.net/gtawiki/images/0/0e/Hellion-GTAO-front.png/revision/latest/scale-to-width-down/350,Hellion
https://vignette.wikia.nocookie.net/gtawiki/images/0/05/HotRodBlazer-GTAV-front.png/revision/latest/scale-to-width-down/350,Hot Rod Blazer
https://vignette.wikia.nocookie.net/gtawiki/images/8/80/Injection-GTAV-front.png/revision/latest/scale-to-width-down/350,Injection
https://vignette.wikia.nocookie.net/gtawiki/images/f/fb/Insurgent-GTAO-front.png/revision/latest/scale-to-width-down/350,Insurgent
https://vignette.wikia.nocookie.net/gtawiki/images/1/12/InsurgentPickUp-GTAO-front.png/revision/latest/scale-to-width-down/350,Insurgent Pick-Up
https://vignette.wikia.nocookie.net/gtawiki/images/8/88/InsurgentPickupCustom-GTAO-front.png/revision/latest/scale-to-width-down/350,Insurgent Pick-Up Custom
https://vignette.wikia.nocookie.net/gtawiki/images/b/b7/Kalahari-GTAV-front.png/revision/latest/scale-to-width-down/350,Kalahari
https://vignette.wikia.nocookie.net/gtawiki/images/4/47/Kamacho-GTAO-front.png/revision/latest/scale-to-width-down/350,Kamacho
https://vignette.wikia.nocookie.net/gtawiki/images/a/a7/Menacer-GTAO-front.png/revision/latest/scale-to-width-down/350,Menacer
https://vignette.wikia.nocookie.net/gtawiki/images/0/0c/Nightshark-GTAO-front.png/revision/latest/scale-to-width-down/350,Nightshark
https://vignette.wikia.nocookie.net/gtawiki/images/a/a2/Marshall-GTAV-front.png/revision/latest/scale-to-width-down/350,Marshall
https://vignette.wikia.nocookie.net/gtawiki/images/f/fd/Mesa3-GTAV-front.png/revision/latest/scale-to-width-down/350,Mesa
https://vignette.wikia.nocookie.net/gtawiki/images/a/a5/Outlaw-GTAO-front.png/revision/latest/scale-to-width-down/350,Outlaw
https://vignette.wikia.nocookie.net/gtawiki/images/b/b6/RampBuggy-GTAO-front.png/revision/latest/scale-to-width-down/350,Ramp Buggy
https://vignette.wikia.nocookie.net/gtawiki/images/5/55/RampBuggy2-GTAO-front.png/revision/latest/scale-to-width-down/350,Ramp Buggy2
https://vignette.wikia.nocookie.net/gtawiki/images/5/59/RancherXL-GTAV-front.png/revision/latest/scale-to-width-down/350,Rancher XL
https://vignette.wikia.nocookie.net/gtawiki/images/1/15/RancherXL2-GTAV-front.png/revision/latest/scale-to-width-down/350,Rancher XL
https://vignette.wikia.nocookie.net/gtawiki/images/1/14/RCBandito-GTAO-front.png/revision/latest/scale-to-width-down/350,RC Bandito
https://vignette.wikia.nocookie.net/gtawiki/images/6/6a/Rebel2-GTAV-front.png/revision/latest/scale-to-width-down/350,Rebel
https://vignette.wikia.nocookie.net/gtawiki/images/6/65/RustyRebel-GTAV-front.png/revision/latest/scale-to-width-down/350,Rusty Rebel
https://vignette.wikia.nocookie.net/gtawiki/images/6/67/Riata-GTAO-front.png/revision/latest/scale-to-width-down/350,Riata
https://vignette.wikia.nocookie.net/gtawiki/images/3/39/SandkingXL-GTAV-front.png/revision/latest/scale-to-width-down/350,Sandking XL
https://vignette.wikia.nocookie.net/gtawiki/images/d/d7/SandkingSWB-GTAV-front.png/revision/latest/scale-to-width-down/350,Sandking SWB
https://vignette.wikia.nocookie.net/gtawiki/images/2/28/ApocalypseSasquatch-GTAO-front.png/revision/latest/scale-to-width-down/350,Apocalypse Sasquatch
https://vignette.wikia.nocookie.net/gtawiki/images/4/44/FutureShockSasquatch-GTAO-front.png/revision/latest/scale-to-width-down/350,Future Shock Sasquatch
https://vignette.wikia.nocookie.net/gtawiki/images/3/30/NightmareSasquatch-GTAO-front.png/revision/latest/scale-to-width-down/350,Nightmare Sasquatch
https://vignette.wikia.nocookie.net/gtawiki/images/f/fe/SpaceDocker-GTAV-front.png/revision/latest/scale-to-width-down/350,Space Docker
https://vignette.wikia.nocookie.net/gtawiki/images/6/6e/StreetBlazer-GTAO-front.png/revision/latest/scale-to-width-down/350,Street Blazer
https://vignette.wikia.nocookie.net/gtawiki/images/4/41/Technical-GTAO-front.png/revision/latest/scale-to-width-down/350,Technical
https://vignette.wikia.nocookie.net/gtawiki/images/1/19/TechnicalAqua-GTAO-front.png/revision/latest/scale-to-width-down/350,Technical Aqua
https://vignette.wikia.nocookie.net/gtawiki/images/7/74/TechnicalCustom-GTAO-front.png/revision/latest/scale-to-width-down/350,Technical Custom
https://vignette.wikia.nocookie.net/gtawiki/images/e/ec/TrophyTruck-GTAO-front.png/revision/latest/scale-to-width-down/350,Trophy Truck
https://vignette.wikia.nocookie.net/gtawiki/images/e/e0/Liberator-GTAV-front.png/revision/latest/scale-to-width-down/350,The Liberator
https://vignette.wikia.nocookie.net/gtawiki/images/2/27/Vagrant-GTAO-front.png/revision/latest/scale-to-width-down/350,Vagrant
https://vignette.wikia.nocookie.net/gtawiki/images/0/0a/YosemiteRancher-GTAO-front.png/revision/latest/scale-to-width-down/350,Yosemite Rancher
https://vignette.wikia.nocookie.net/gtawiki/images/8/8b/Zhaba-GTAO-front.png/revision/latest/scale-to-width-down/350,Zhaba
https://vignette.wikia.nocookie.net/gtawiki/images/e/e8/Benson-GTAV-front.png/revision/latest/scale-to-width-down/350,Benson
https://vignette.wikia.nocookie.net/gtawiki/images/3/30/Biff-GTAV-front.png/revision/latest/scale-to-width-down/350,Biff
https://vignette.wikia.nocookie.net/gtawiki/images/0/0c/ApocalypseCerberus-GTAO-front.png/revision/latest/scale-to-width-down/350,Apocalypse Cerberus
https://vignette.wikia.nocookie.net/gtawiki/images/e/e1/FutureShockCerberus-GTAO-front.png/revision/latest/scale-to-width-down/350,Future Shock Cerberus
https://vignette.wikia.nocookie.net/gtawiki/images/3/3c/NightmareCerberus-GTAO-front.png/revision/latest/scale-to-width-down/350,Nightmare Cerberus
https://vignette.wikia.nocookie.net/gtawiki/images/2/2d/Hauler-GTAV-front.png/revision/latest/scale-to-width-down/350,Hauler
https://vignette.wikia.nocookie.net/gtawiki/images/5/54/HaulerCustom-GTAO-front.png/revision/latest/scale-to-width-down/350,Hauler Custom
https://vignette.wikia.nocookie.net/gtawiki/images/0/07/Mule-GTAV-front.png/revision/latest/scale-to-width-down/350,Mule
https://vignette.wikia.nocookie.net/gtawiki/images/9/90/Mule2-GTAV-front.png/revision/latest/scale-to-width-down/350,Mule
https://vignette.wikia.nocookie.net/gtawiki/images/6/6a/Mule3-GTAO-front.png/revision/latest/scale-to-width-down/350,Mule
https://vignette.wikia.nocookie.net/gtawiki/images/1/16/MuleCustom-GTAO-front.png/revision/latest/scale-to-width-down/350,Mule Custom
https://vignette.wikia.nocookie.net/gtawiki/images/6/68/Packer-GTAV-front.png/revision/latest/scale-to-width-down/350,Packer
https://vignette.wikia.nocookie.net/gtawiki/images/f/ff/Phantom-GTAV-front.png/revision/latest/scale-to-width-down/350,Phantom
https://vignette.wikia.nocookie.net/gtawiki/images/7/70/PhantomCustom-GTAO-front.png/revision/latest/scale-to-width-down/350,Phantom Custom
https://vignette.wikia.nocookie.net/gtawiki/images/1/1a/PhantomWedge-GTAO-front.png/revision/latest/scale-to-width-down/350,Phantom Wedge
https://vignette.wikia.nocookie.net/gtawiki/images/1/1d/Pounder-GTAV-front.png/revision/latest/scale-to-width-down/350,Pounder
https://vignette.wikia.nocookie.net/gtawiki/images/8/85/PounderCustom-GTAO-front.png/revision/latest/scale-to-width-down/350,Pounder Custom
https://vignette.wikia.nocookie.net/gtawiki/images/5/50/Stockade-GTAV-front.png/revision/latest/scale-to-width-down/350,Stockade
https://vignette.wikia.nocookie.net/gtawiki/images/6/65/Stockade3-GTAV-front.png/revision/latest/scale-to-width-down/350,Stockade
https://vignette.wikia.nocookie.net/gtawiki/images/9/96/Terrorbyte-GTAO-front.png/revision/latest/scale-to-width-down/350,Terrorbyte
https://vignette.wikia.nocookie.net/gtawiki/images/b/b4/Cutter-GTAV-front.png/revision/latest/scale-to-width-down/350,Cutter
https://vignette.wikia.nocookie.net/gtawiki/images/5/51/DockHandler-GTAV-front.png/revision/latest/scale-to-width-down/350,Dock Handler
https://vignette.wikia.nocookie.net/gtawiki/images/0/05/Dozer-GTAV-front.png/revision/latest/scale-to-width-down/350,Dozer
https://vignette.wikia.nocookie.net/gtawiki/images/1/18/Dump-GTAV-front.png/revision/latest/scale-to-width-down/350,Dump
https://vignette.wikia.nocookie.net/gtawiki/images/7/71/Flatbed-GTAV-front.png/revision/latest/scale-to-width-down/350,Flatbed
https://vignette.wikia.nocookie.net/gtawiki/images/5/57/Guardian-GTAO-front.png/revision/latest/scale-to-width-down/350,Guardian
https://vignette.wikia.nocookie.net/gtawiki/images/5/5d/Mixer-GTAV-front.png/revision/latest/scale-to-width-down/350,Mixer
https://vignette.wikia.nocookie.net/gtawiki/images/1/12/Mixer2-GTAV-front.png/revision/latest/scale-to-width-down/350,Mixer
https://vignette.wikia.nocookie.net/gtawiki/images/d/d5/Rubble-GTAV-front.png/revision/latest/scale-to-width-down/350,Rubble
https://vignette.wikia.nocookie.net/gtawiki/images/1/11/Tipper-GTAV-front.png/revision/latest/scale-to-width-down/350,Tipper
https://vignette.wikia.nocookie.net/gtawiki/images/0/07/Tipper2-GTAV-front.png/revision/latest/scale-to-width-down/350,Tipper
https://vignette.wikia.nocookie.net/gtawiki/images/a/aa/AirportBus-GTAV-front.png/revision/latest/scale-to-width-down/350,Airport Bus
https://vignette.wikia.nocookie.net/gtawiki/images/6/65/Brickade-GTAO-front.png/revision/latest/scale-to-width-down/350,Brickade
https://vignette.wikia.nocookie.net/gtawiki/images/9/93/Bus-GTAV-front.png/revision/latest/scale-to-width-down/350,Bus
https://vignette.wikia.nocookie.net/gtawiki/images/4/41/Dashound-GTAV-front.png/revision/latest/scale-to-width-down/350,Dashound
https://vignette.wikia.nocookie.net/gtawiki/images/4/46/Dune-GTAO-front.png/revision/latest/scale-to-width-down/350,Dune
https://vignette.wikia.nocookie.net/gtawiki/images/8/88/FestivalBus-GTAO-front.png/revision/latest/scale-to-width-down/350,Festival Bus
https://vignette.wikia.nocookie.net/gtawiki/images/c/c8/RentalShuttleBus-GTAV-front.png/revision/latest/scale-to-width-down/350,Rental Shuttle Bus
https://vignette.wikia.nocookie.net/gtawiki/images/9/9d/Taxi-GTAV-front.png/revision/latest/scale-to-width-down/350,Taxi
https://vignette.wikia.nocookie.net/gtawiki/images/5/58/Tourbus-GTAV-front.png/revision/latest/scale-to-width-down/350,Tourbus
https://vignette.wikia.nocookie.net/gtawiki/images/5/58/Trashmaster-GTAV-front.png/revision/latest/scale-to-width-down/350,Trashmaster
https://vignette.wikia.nocookie.net/gtawiki/images/f/fa/Trashmaster-GTAO-front.png/revision/latest/scale-to-width-down/350,Trashmaster
https://vignette.wikia.nocookie.net/gtawiki/images/e/e3/Wastelander-GTAO-front.png/revision/latest/scale-to-width-down/350,Wastelander
https://vignette.wikia.nocookie.net/gtawiki/images/6/69/Bison-GTAV-front.png/revision/latest/scale-to-width-down/350,Bison
https://vignette.wikia.nocookie.net/gtawiki/images/2/24/Bison2-GTAV-front.png/revision/latest/scale-to-width-down/350,Bison
https://vignette.wikia.nocookie.net/gtawiki/images/d/d9/Bison3-GTAV-front.png/revision/latest/scale-to-width-down/350,Bison
https://vignette.wikia.nocookie.net/gtawiki/images/3/37/BobcatXL-GTAV-front.png/revision/latest/scale-to-width-down/350,Bobcat XL
https://vignette.wikia.nocookie.net/gtawiki/images/0/01/LSDWPBoxville-GTAV-front.png/revision/latest/scale-to-width-down/350,Boxville
https://vignette.wikia.nocookie.net/gtawiki/images/2/2d/Boxville2-GTAV-front.png/revision/latest/scale-to-width-down/350,Boxville
https://vignette.wikia.nocookie.net/gtawiki/images/1/1b/Boxville3-GTAV-front.png/revision/latest/scale-to-width-down/350,Boxville
https://vignette.wikia.nocookie.net/gtawiki/images/e/e6/Boxville4-GTAO-front.png/revision/latest/scale-to-width-down/350,Boxville
https://vignette.wikia.nocookie.net/gtawiki/images/6/6c/ArmoredBoxville-GTAO-front.png/revision/latest/scale-to-width-down/350,Armored Boxville
https://vignette.wikia.nocookie.net/gtawiki/images/3/33/LSWPBurrito-GTAV-front.png/revision/latest/scale-to-width-down/350,Burrito
https://vignette.wikia.nocookie.net/gtawiki/images/0/00/Burrito2-GTAV-front.png/revision/latest/scale-to-width-down/350,Burrito
https://vignette.wikia.nocookie.net/gtawiki/images/8/80/Burrito3-GTAV-front.png/revision/latest/scale-to-width-down/350,Burrito
https://vignette.wikia.nocookie.net/gtawiki/images/f/f4/Burrito4-GTAV-front.png/revision/latest/scale-to-width-down/350,Burrito
https://vignette.wikia.nocookie.net/gtawiki/images/1/1c/Burrito5-GTAV-front.png/revision/latest/scale-to-width-down/350,Burrito
https://vignette.wikia.nocookie.net/gtawiki/images/0/0b/Camper-GTAV-front.png/revision/latest/scale-to-width-down/350,Camper
https://vignette.wikia.nocookie.net/gtawiki/images/0/0d/ClownVan-GTAV-front.png/revision/latest/scale-to-width-down/350,Clown Van
https://vignette.wikia.nocookie.net/gtawiki/images/d/d0/GangBurrito-GTAV-front.png/revision/latest/scale-to-width-down/350,Gang Burrito
https://vignette.wikia.nocookie.net/gtawiki/images/4/4f/GangBurrito2-GTAO-front.png/revision/latest/scale-to-width-down/350,Gang Burrito
https://vignette.wikia.nocookie.net/gtawiki/images/8/8d/Journey-GTAV-front.png/revision/latest/scale-to-width-down/350,Journey
https://vignette.wikia.nocookie.net/gtawiki/images/1/16/Minivan-GTAV-front.png/revision/latest/scale-to-width-down/350,Minivan
https://vignette.wikia.nocookie.net/gtawiki/images/f/ff/MinivanCustom-GTAO-front.png/revision/latest/scale-to-width-down/350,Minivan Custom
https://vignette.wikia.nocookie.net/gtawiki/images/d/d6/Paradise-GTAV-front.png/revision/latest/scale-to-width-down/350,Paradise
https://vignette.wikia.nocookie.net/gtawiki/images/e/e9/SunsetBleachPony-GTAV-front.png/revision/latest/scale-to-width-down/350,Pony
https://vignette.wikia.nocookie.net/gtawiki/images/4/40/Pony2-GTAV-front.png/revision/latest/scale-to-width-down/350,Pony
https://vignette.wikia.nocookie.net/gtawiki/images/d/d3/Rumpo-GTAV-front.png/revision/latest/scale-to-width-down/350,Rumpo
https://vignette.wikia.nocookie.net/gtawiki/images/7/70/Rumpo2-GTAV-front.png/revision/latest/scale-to-width-down/350,Rumpo
https://vignette.wikia.nocookie.net/gtawiki/images/7/7b/RumpoCustom-GTAO-front.png/revision/latest/scale-to-width-down/350,Rumpo Custom
https://vignette.wikia.nocookie.net/gtawiki/images/f/fd/Speedo-GTAV-front.png/revision/latest/scale-to-width-down/350,Speedo
https://vignette.wikia.nocookie.net/gtawiki/images/3/35/SpeedoCustom-GTAO-front.png/revision/latest/scale-to-width-down/350,Speedo Custom
https://vignette.wikia.nocookie.net/gtawiki/images/a/ac/Surfer-GTAV-front.png/revision/latest/scale-to-width-down/350,Surfer
https://vignette.wikia.nocookie.net/gtawiki/images/a/a6/Surfer2-GTAV-front.png/revision/latest/scale-to-width-down/350,Surfer
https://vignette.wikia.nocookie.net/gtawiki/images/3/37/TacoVan-GTAV-front.png/revision/latest/scale-to-width-down/350,Taco Van
https://vignette.wikia.nocookie.net/gtawiki/images/d/dc/Youga-GTAV-front.png/revision/latest/scale-to-width-down/350,Youga
https://vignette.wikia.nocookie.net/gtawiki/images/b/b7/YougaClassic-GTAO-front.png/revision/latest/scale-to-width-down/350,Youga Classic
https://vignette.wikia.nocookie.net/gtawiki/images/3/3c/YougaClassic4x4-GTAO-front.png/revision/latest/scale-to-width-down/350,Youga Classic 4x4
https://vignette.wikia.nocookie.net/gtawiki/images/f/f9/Airtug-GTAV-front.png/revision/latest/scale-to-width-down/350,Airtug
https://vignette.wikia.nocookie.net/gtawiki/images/0/0e/Caddy-GTAV-front.png/revision/latest/scale-to-width-down/350,Caddy
https://vignette.wikia.nocookie.net/gtawiki/images/0/05/Caddy2-GTAV-front.png/revision/latest/scale-to-width-down/350,Caddy
https://vignette.wikia.nocookie.net/gtawiki/images/4/4f/Caddy3-GTAO-front.png/revision/latest/scale-to-width-down/350,Caddy
https://vignette.wikia.nocookie.net/gtawiki/images/f/f4/Docktug-GTAV-front.png/revision/latest/scale-to-width-down/350,Docktug
https://vignette.wikia.nocookie.net/gtawiki/images/1/11/Fieldmaster-GTAV-front.png/revision/latest/scale-to-width-down/350,Fieldmaster
https://vignette.wikia.nocookie.net/gtawiki/images/f/f8/Fieldmaster2-GTAV-front.png/revision/latest/scale-to-width-down/350,Fieldmaster
https://vignette.wikia.nocookie.net/gtawiki/images/9/97/Forklift-GTAV-front.png/revision/latest/scale-to-width-down/350,Forklift
https://vignette.wikia.nocookie.net/gtawiki/images/2/20/LawnMower-GTAV-front.png/revision/latest/scale-to-width-down/350,Mower
https://vignette.wikia.nocookie.net/gtawiki/images/0/08/Ripley-GTAV-front.png/revision/latest/scale-to-width-down/350,Ripley
https://vignette.wikia.nocookie.net/gtawiki/images/0/07/Sadler-GTAV-front.png/revision/latest/scale-to-width-down/350,Sadler
https://vignette.wikia.nocookie.net/gtawiki/images/e/e2/Sadler2-GTAV-front.png/revision/latest/scale-to-width-down/350,Sadler
https://vignette.wikia.nocookie.net/gtawiki/images/3/3a/ScrapTruck-GTAV-front.png/revision/latest/scale-to-width-down/350,Scrap Truck
https://vignette.wikia.nocookie.net/gtawiki/images/b/be/Towtruck-GTAV-front.png/revision/latest/scale-to-width-down/350,Towtruck
https://vignette.wikia.nocookie.net/gtawiki/images/2/24/Towtruck2-GTAV-front.png/revision/latest/scale-to-width-down/350,Towtruck
https://vignette.wikia.nocookie.net/gtawiki/images/f/f4/Tractor-GTAV-front.png/revision/latest/scale-to-width-down/350,Tractor
https://vignette.wikia.nocookie.net/gtawiki/images/4/4d/UtilityTruckCrane-GTAV-front.png/revision/latest/scale-to-width-down/350,Utility Truck
https://vignette.wikia.nocookie.net/gtawiki/images/2/2d/UtilityTruck2Box-GTAV-front.png/revision/latest/scale-to-width-down/350,Utility Truck
https://vignette.wikia.nocookie.net/gtawiki/images/1/10/UtilityTruck3-GTAV-front.png/revision/latest/scale-to-width-down/350,Utility Truck
https://vignette.wikia.nocookie.net/gtawiki/images/4/4e/BoatTrailer-GTAV-front.png/revision/latest/scale-to-width-down/350,Boat Trailer
https://vignette.wikia.nocookie.net/gtawiki/images/b/be/Trailersmall-GTAV-front.png/revision/latest/scale-to-width-down/350,Trailer (small)
https://vignette.wikia.nocookie.net/gtawiki/images/6/6f/TrailerSContainer-GTAV-front.png/revision/latest/scale-to-width-down/350,Trailer (large)
https://vignette.wikia.nocookie.net/gtawiki/images/4/4a/TrailerS2-GTAV-front.png/revision/latest/scale-to-width-down/350,Trailer (large)
https://vignette.wikia.nocookie.net/gtawiki/images/1/15/TrailerS3-GTAV-front.png/revision/latest/scale-to-width-down/350,Trailer (large)
https://vignette.wikia.nocookie.net/gtawiki/images/0/0d/Trailers4-GTAO-front.png/revision/latest/scale-to-width-down/350,Trailer (large)
https://vignette.wikia.nocookie.net/gtawiki/images/d/df/Tvtrailer-GTAV-front.png/revision/latest/scale-to-width-down/350,Trailer (large)
https://vignette.wikia.nocookie.net/gtawiki/images/e/ea/Docktrailer-GTAV-front.png/revision/latest/scale-to-width-down/350,Dock Trailer
https://vignette.wikia.nocookie.net/gtawiki/images/4/45/Tr2-GTAV-front.png/revision/latest/scale-to-width-down/350,Trailer (car carrier)
https://vignette.wikia.nocookie.net/gtawiki/images/6/62/Tr4-GTAV-front.png/revision/latest/scale-to-width-down/350,Trailer (car carrier)
https://vignette.wikia.nocookie.net/gtawiki/images/4/4e/Tanker-GTAV-front.png/revision/latest/scale-to-width-down/350,Trailer (tanker)
https://vignette.wikia.nocookie.net/gtawiki/images/c/c2/Tanker2-GTAV-front.png/revision/latest/scale-to-width-down/350,Trailer (tanker)
https://vignette.wikia.nocookie.net/gtawiki/images/a/ab/Armytanker-GTAV-front.png/revision/latest/scale-to-width-down/350,Army Trailer (tanker)
https://vignette.wikia.nocookie.net/gtawiki/images/5/58/Trflat-GTAV-front.png/revision/latest/scale-to-width-down/350,Trailer (flatbed)
https://vignette.wikia.nocookie.net/gtawiki/images/1/1e/Trailerlogs-GTAV-front.png/revision/latest/scale-to-width-down/350,Trailer (logs)
https://vignette.wikia.nocookie.net/gtawiki/images/1/13/Tr3-GTAV-front.png/revision/latest/scale-to-width-down/350,Trailer (boat)
https://vignette.wikia.nocookie.net/gtawiki/images/9/9b/Armytrailer-GTAV-front.png/revision/latest/scale-to-width-down/350,Army Trailer
https://vignette.wikia.nocookie.net/gtawiki/images/f/fa/Armytrailer2-GTAV-front.png/revision/latest/scale-to-width-down/350,Army Trailer
https://vignette.wikia.nocookie.net/gtawiki/images/8/88/Freighttrailer-GTAV-front.png/revision/latest/scale-to-width-down/350,Army Trailer
https://vignette.wikia.nocookie.net/gtawiki/images/f/fe/MobileOperationsCenter-GTAO-front.png/revision/latest/scale-to-width-down/350,Mobile Operations Center
https://vignette.wikia.nocookie.net/gtawiki/images/1/16/Ortages-trailer-house-gtav.png/revision/latest/scale-to-width-down/350,Proptrailer
https://vignette.wikia.nocookie.net/gtawiki/images/d/de/Trailer-GTAV-Front-SandRake.png/revision/latest/scale-to-width-down/350,Trailer (rake)
https://vignette.wikia.nocookie.net/gtawiki/images/6/64/BMX-GTAV-front.png/revision/latest/scale-to-width-down/350,BMX
https://vignette.wikia.nocookie.net/gtawiki/images/b/bd/Cruiser-GTAV-front.png/revision/latest/scale-to-width-down/350,Cruiser
https://vignette.wikia.nocookie.net/gtawiki/images/5/53/EndurexRaceBike-GTAV-front.png/revision/latest/scale-to-width-down/350,Endurex Race Bike
https://vignette.wikia.nocookie.net/gtawiki/images/7/74/Fixter-GTAV-front.png/revision/latest/scale-to-width-down/350,Fixter
https://vignette.wikia.nocookie.net/gtawiki/images/b/be/Scorcher-GTAV-front.png/revision/latest/scale-to-width-down/350,Scorcher
https://vignette.wikia.nocookie.net/gtawiki/images/5/5d/Tri-CyclesRaceBike-GTAV-front.png/revision/latest/scale-to-width-down/350,Tri-Cycles Race Bike
https://vignette.wikia.nocookie.net/gtawiki/images/3/3b/WhippetRaceBike-GTAV-front.png/revision/latest/scale-to-width-down/350,Whippet Race Bike
https://vignette.wikia.nocookie.net/gtawiki/images/f/fb/AntiAircraftTrailer-GTAO-front.png/revision/latest/scale-to-width-down/350,Anti-Aircraft Trailer
https://vignette.wikia.nocookie.net/gtawiki/images/5/5d/APC-GTAO-front.png/revision/latest/scale-to-width-down/350,APC
https://vignette.wikia.nocookie.net/gtawiki/images/d/d4/Barracks-GTAV-front.png/revision/latest/scale-to-width-down/350,Barracks
https://vignette.wikia.nocookie.net/gtawiki/images/9/91/Barracks3-GTAO-front.png/revision/latest/scale-to-width-down/350,Barracks
https://vignette.wikia.nocookie.net/gtawiki/images/1/14/BarracksSemi-GTAV-front.png/revision/latest/scale-to-width-down/350,Barracks Semi
https://vignette.wikia.nocookie.net/gtawiki/images/b/ba/Barrage-GTAO-front.png/revision/latest/scale-to-width-down/350,Barrage
https://vignette.wikia.nocookie.net/gtawiki/images/c/c2/Chernobog-GTAO-front.png/revision/latest/scale-to-width-down/350,Chernobog
https://vignette.wikia.nocookie.net/gtawiki/images/3/37/Crusader-GTAV-front.png/revision/latest/scale-to-width-down/350,Crusader
https://vignette.wikia.nocookie.net/gtawiki/images/3/3f/Halftrack-GTAO-front.png/revision/latest/scale-to-width-down/350,Half-track
https://vignette.wikia.nocookie.net/gtawiki/images/c/c3/Invade%26PersuadeTank-GTAO-front.png/revision/latest/scale-to-width-down/350,Invade and Persuade Tank
https://vignette.wikia.nocookie.net/gtawiki/images/a/af/RhinoTank-GTAV-front.png/revision/latest/scale-to-width-down/350,Rhino Tank
https://vignette.wikia.nocookie.net/gtawiki/images/d/d5/ApocalypseScarab-GTAO-front.png/revision/latest/scale-to-width-down/350,Apocalypse Scarab
https://vignette.wikia.nocookie.net/gtawiki/images/d/d9/FutureShockScarab-GTAO-front.png/revision/latest/scale-to-width-down/350,Future Shock Scarab
https://vignette.wikia.nocookie.net/gtawiki/images/7/7d/NightmareScarab-GTAO-front.png/revision/latest/scale-to-width-down/350,Nightmare Scarab
https://vignette.wikia.nocookie.net/gtawiki/images/a/a9/Thruster-GTAO-front.png/revision/latest/scale-to-width-down/350,Thruster
https://vignette.wikia.nocookie.net/gtawiki/images/9/97/Khanjali-GTAO-front.png/revision/latest/scale-to-width-down/350,TM-02 Khanjali
https://vignette.wikia.nocookie.net/gtawiki/images/b/b6/Dinghy-GTAV-front.png/revision/latest/scale-to-width-down/350,Dinghy
https://vignette.wikia.nocookie.net/gtawiki/images/a/a2/Dinghy2-GTAV-front.png/revision/latest/scale-to-width-down/350,Dinghy
https://vignette.wikia.nocookie.net/gtawiki/images/2/2d/Dinghy3-GTAV-front.png/revision/latest/scale-to-width-down/350,Dinghy
https://vignette.wikia.nocookie.net/gtawiki/images/4/4e/Dinghy4-GTAO-front.png/revision/latest/scale-to-width-down/350,Dinghy
https://vignette.wikia.nocookie.net/gtawiki/images/e/e8/Jetmax-GTAV-front.png/revision/latest/scale-to-width-down/350,Jetmax
https://vignette.wikia.nocookie.net/gtawiki/images/8/8e/Kraken-GTAV-front.png/revision/latest/scale-to-width-down/350,Kraken
https://vignette.wikia.nocookie.net/gtawiki/images/2/22/Marquis-GTAV-front.png/revision/latest/scale-to-width-down/350,Marquis
https://vignette.wikia.nocookie.net/gtawiki/images/c/cb/PolicePredator-GTAV-front.png/revision/latest/scale-to-width-down/350,Police Predator
https://vignette.wikia.nocookie.net/gtawiki/images/6/60/Seashark-GTAV-front.png/revision/latest/scale-to-width-down/350,Seashark
https://vignette.wikia.nocookie.net/gtawiki/images/8/81/Seashark2-GTAV-front.png/revision/latest/scale-to-width-down/350,Seashark
https://vignette.wikia.nocookie.net/gtawiki/images/9/94/Seashark3-GTAO-front.png/revision/latest/scale-to-width-down/350,Seashark
https://vignette.wikia.nocookie.net/gtawiki/images/3/33/Speeder-GTAV-front.png/revision/latest/scale-to-width-down/350,Speeder
https://vignette.wikia.nocookie.net/gtawiki/images/c/c2/Speeder2-GTAO-front.png/revision/latest/scale-to-width-down/350,Speeder
https://vignette.wikia.nocookie.net/gtawiki/images/3/37/Squalo-GTAV-front.png/revision/latest/scale-to-width-down/350,Squalo
https://vignette.wikia.nocookie.net/gtawiki/images/4/4c/Submersible-Front-GTAV.png/revision/latest/scale-to-width-down/350,Submersible
https://vignette.wikia.nocookie.net/gtawiki/images/6/6c/Suntrap-GTAV-front.png/revision/latest/scale-to-width-down/350,Suntrap
https://vignette.wikia.nocookie.net/gtawiki/images/9/95/Toro-GTAV-front.png/revision/latest/scale-to-width-down/350,Toro
https://vignette.wikia.nocookie.net/gtawiki/images/e/ed/Toro2-GTAO-front.png/revision/latest/scale-to-width-down/350,Toro
https://vignette.wikia.nocookie.net/gtawiki/images/2/23/Tropic-GTAV-front.png/revision/latest/scale-to-width-down/350,Tropic
https://vignette.wikia.nocookie.net/gtawiki/images/5/57/Tropic2-GTAO-front.png/revision/latest/scale-to-width-down/350,Tropic
https://vignette.wikia.nocookie.net/gtawiki/images/4/44/Tug-GTAO-front.png/revision/latest/scale-to-width-down/350,Tug
https://vignette.wikia.nocookie.net/gtawiki/images/2/29/Akula-GTAO-front.png/revision/latest/scale-to-width-down/350,Akula
https://vignette.wikia.nocookie.net/gtawiki/images/a/ac/Annihilator-GTAO-front.png/revision/latest/scale-to-width-down/350,Annihilator
https://vignette.wikia.nocookie.net/gtawiki/images/0/02/Buzzard-GTAV-front.png/revision/latest/scale-to-width-down/350,Buzzard
https://vignette.wikia.nocookie.net/gtawiki/images/d/d1/BuzzardAttackChopper-GTAV-front.png/revision/latest/scale-to-width-down/350,Buzzard Attack Chopper
https://vignette.wikia.nocookie.net/gtawiki/images/0/0e/Cargobob-GTAV-front.png/revision/latest/scale-to-width-down/350,Cargobob
https://vignette.wikia.nocookie.net/gtawiki/images/6/68/Cargobob2-GTAV-front.png/revision/latest/scale-to-width-down/350,Cargobob
https://vignette.wikia.nocookie.net/gtawiki/images/e/e0/Cargobob3-GTAV-front.png/revision/latest/scale-to-width-down/350,Cargobob
https://vignette.wikia.nocookie.net/gtawiki/images/8/84/Cargobob4-GTAO-front.png/revision/latest/scale-to-width-down/350,Cargobob
https://vignette.wikia.nocookie.net/gtawiki/images/d/dd/FH1-Hunter-GTAO-front.png/revision/latest/scale-to-width-down/350,FH-1 Hunter
https://vignette.wikia.nocookie.net/gtawiki/images/0/05/Frogger-GTAV-front.png/revision/latest/scale-to-width-down/350,Frogger
https://vignette.wikia.nocookie.net/gtawiki/images/7/7b/Frogger2-GTAV-front.png/revision/latest/scale-to-width-down/350,Frogger
https://vignette.wikia.nocookie.net/gtawiki/images/3/3f/Havok-GTAO-front.png/revision/latest/scale-to-width-down/350,Havok
https://vignette.wikia.nocookie.net/gtawiki/images/2/2b/Maverick-GTAV-front.png/revision/latest/scale-to-width-down/350,Maverick
https://vignette.wikia.nocookie.net/gtawiki/images/5/50/PoliceMaverick-GTAV-front.png/revision/latest/scale-to-width-down/350,Police Maverick
https://vignette.wikia.nocookie.net/gtawiki/images/5/55/AirAmbulance-GTAV-LShospital.jpg/revision/latest/scale-to-width-down/350,Police Maverick#Air Ambulance
https://vignette.wikia.nocookie.net/gtawiki/images/3/36/Savage-GTAO-front.png/revision/latest/scale-to-width-down/350,Savage
https://vignette.wikia.nocookie.net/gtawiki/images/5/5e/SeaSparrow-GTAO-front.png/revision/latest/scale-to-width-down/350,Sea Sparrow
https://vignette.wikia.nocookie.net/gtawiki/images/f/f9/Skylift-GTAV-front.png/revision/latest/scale-to-width-down/350,Skylift
https://vignette.wikia.nocookie.net/gtawiki/images/4/4d/SuperVolito-GTAO-front.png/revision/latest/scale-to-width-down/350,SuperVolito
https://vignette.wikia.nocookie.net/gtawiki/images/9/91/SuperVolitoCarbon-GTAO-front.png/revision/latest/scale-to-width-down/350,SuperVolito Carbon
https://vignette.wikia.nocookie.net/gtawiki/images/9/9c/SwiftClassic-GTAV-front.png/revision/latest/scale-to-width-down/350,Swift
https://vignette.wikia.nocookie.net/gtawiki/images/4/4d/SwiftDeluxe-GTAV-front.png/revision/latest/scale-to-width-down/350,Swift Deluxe
https://vignette.wikia.nocookie.net/gtawiki/images/0/0e/Valkyrie-GTAO-front.png/revision/latest/scale-to-width-down/350,Valkyrie
https://vignette.wikia.nocookie.net/gtawiki/images/7/77/ValkyrieMOD0-GTAO-front.png/revision/latest/scale-to-width-down/350,Valkyrie MOD.0
https://vignette.wikia.nocookie.net/gtawiki/images/0/0e/Volatus-GTAO-front.png/revision/latest/scale-to-width-down/350,Volatus
https://vignette.wikia.nocookie.net/gtawiki/images/5/50/AlphaZ1-GTAO-front.png/revision/latest/scale-to-width-down/350,Alpha-Z1
https://vignette.wikia.nocookie.net/gtawiki/images/c/c3/AtomicBlimp-LSIA-GTAV.png/revision/latest/scale-to-width-down/350,Atomic Blimp
https://vignette.wikia.nocookie.net/gtawiki/images/f/fe/Avenger-GTAO-front.png/revision/latest/scale-to-width-down/350,Avenger
https://vignette.wikia.nocookie.net/gtawiki/images/1/11/B11Strikeforce-GTAO-front.png/revision/latest/scale-to-width-down/350,B-11 Strikeforce
https://vignette.wikia.nocookie.net/gtawiki/images/a/a5/Blimp-GTAO-front.png/revision/latest/scale-to-width-down/350,Blimp
https://vignette.wikia.nocookie.net/gtawiki/images/2/2a/Besra-GTAV-front.png/revision/latest/scale-to-width-down/350,Besra
https://vignette.wikia.nocookie.net/gtawiki/images/8/88/CargoPlane-GTAV-front.png/revision/latest/scale-to-width-down/350,Cargo Plane
https://vignette.wikia.nocookie.net/gtawiki/images/b/bc/Cuban800-GTAV-front.png/revision/latest/scale-to-width-down/350,Cuban 800
https://vignette.wikia.nocookie.net/gtawiki/images/2/23/Dodo-GTAV-front.png/revision/latest/scale-to-width-down/350,Dodo
https://vignette.wikia.nocookie.net/gtawiki/images/7/7a/Duster-GTAV-front.png/revision/latest/scale-to-width-down/350,Duster
https://vignette.wikia.nocookie.net/gtawiki/images/8/89/Howard-NX25-GTAO-front.png/revision/latest/scale-to-width-down/350,Howard NX-25
https://vignette.wikia.nocookie.net/gtawiki/images/0/07/Hydra-GTAO-front.png/revision/latest/scale-to-width-down/350,Hydra
https://vignette.wikia.nocookie.net/gtawiki/images/e/ed/Jet-GTAV-front.png/revision/latest/scale-to-width-down/350,Jet
https://vignette.wikia.nocookie.net/gtawiki/images/7/7d/LF22-Starling-GTAO-front.png/revision/latest/scale-to-width-down/350,LF-22 Starling
https://vignette.wikia.nocookie.net/gtawiki/images/0/09/Luxor-GTAV-front.png/revision/latest/scale-to-width-down/350,Luxor
https://vignette.wikia.nocookie.net/gtawiki/images/1/1f/LuxorDeluxe-GTAV-front.png/revision/latest/scale-to-width-down/350,Luxor Deluxe
https://vignette.wikia.nocookie.net/gtawiki/images/e/e5/Mallard-GTAV-front.png/revision/latest/scale-to-width-down/350,Mallard
https://vignette.wikia.nocookie.net/gtawiki/images/3/36/Mammatus-GTAV-front.png/revision/latest/scale-to-width-down/350,Mammatus
https://vignette.wikia.nocookie.net/gtawiki/images/b/bb/Miljet-GTAV-front.png/revision/latest/scale-to-width-down/350,Miljet
https://vignette.wikia.nocookie.net/gtawiki/images/3/31/Mogul-GTAO-front.png/revision/latest/scale-to-width-down/350,Mogul
https://vignette.wikia.nocookie.net/gtawiki/images/7/76/Nimbus-GTAO-front.png/revision/latest/scale-to-width-down/350,Nimbus
https://vignette.wikia.nocookie.net/gtawiki/images/f/f7/P45-Nokota-GTAO-front.png/revision/latest/scale-to-width-down/350,P-45 Nokota
https://vignette.wikia.nocookie.net/gtawiki/images/5/56/P996LAZER-GTAV-front.png/revision/latest/scale-to-width-down/350,P-996 LAZER
https://vignette.wikia.nocookie.net/gtawiki/images/9/92/Pyro-GTAO-front.png/revision/latest/scale-to-width-down/350,Pyro
https://vignette.wikia.nocookie.net/gtawiki/images/2/20/RM10-Bombushka-GTAO-front.png/revision/latest/scale-to-width-down/350,RM-10 Bombushka
https://vignette.wikia.nocookie.net/gtawiki/images/b/b7/Rogue-GTAO-front.png/revision/latest/scale-to-width-down/350,Rogue
https://vignette.wikia.nocookie.net/gtawiki/images/7/77/Seabreeze-GTAO-front.png/revision/latest/scale-to-width-down/350,Seabreeze
https://vignette.wikia.nocookie.net/gtawiki/images/6/62/Shamal-GTAV-front.png/revision/latest/scale-to-width-down/350,Shamal
https://vignette.wikia.nocookie.net/gtawiki/images/8/8c/Titan-GTAV-front.png/revision/latest/scale-to-width-down/350,Titan
https://vignette.wikia.nocookie.net/gtawiki/images/a/a9/Tula-GTAO-front.png/revision/latest/scale-to-width-down/350,Tula
https://vignette.wikia.nocookie.net/gtawiki/images/b/b1/Ultralight-GTAO-front.png/revision/latest/scale-to-width-down/350,Ultralight
https://vignette.wikia.nocookie.net/gtawiki/images/a/a6/V65-Molotok-GTAO-front.png/revision/latest/scale-to-width-down/350,V-65 Molotok
https://vignette.wikia.nocookie.net/gtawiki/images/8/8f/Velum-GTAV-front.png/revision/latest/scale-to-width-down/350,Velum
https://vignette.wikia.nocookie.net/gtawiki/images/3/38/Velum5Seater-GTAO-front.png/revision/latest/scale-to-width-down/350,Velum 5-Seater
https://vignette.wikia.nocookie.net/gtawiki/images/3/32/Vestra-GTAV-front.png/revision/latest/scale-to-width-down/350,Vestra
https://vignette.wikia.nocookie.net/gtawiki/images/9/99/Volatol-GTAO-front.png/revision/latest/scale-to-width-down/350,Volatol
https://vignette.wikia.nocookie.net/gtawiki/images/9/96/XeroBlimp-GTAVPC-Front.png/revision/latest/scale-to-width-down/350,Xero Blimp
